link_idx,time,Train ID
288,680880.0,0
294,681135.6383675504,0
291,681139.0778192766,0
290,681295.8630065464,0
285,681323.8891941778,0
284,681340.0260800648,0
287,681344.7719839728,0
286,681346.1473088531,0
310,681373.9948966906,0
305,681425.1839921657,0
304,681452.8377939636,0
256,682182.8972395372,0
255,682184.6955956937,0
259,682344.9315770142,0
254,682346.319577863,0
257,682716.1938811237,0
258,682722.2427387022,0
253,683199.4713606808,0
252,683315.6475395337,0
261,683505.311430441,0
263,683508.8483970988,0
260,683735.0343574294,0
262,683736.2026104743,0
270,683913.486176364,0
265,683914.5076038532,0
264,684235.409809176,0
267,684350.6365736747,0
271,685029.4828062138,0
268,685037.2531697634,0
497,685046.1836521742,0
218,685135.737657053,0
883,685136.2436459617,0
888,685149.9997551172,0
897,685190.1547654241,0
1040,685191.2217579365,0
349,685296.8255045693,0
353,685329.1901502672,0
352,685674.4462517772,0
355,685797.1814638134,0
895,686135.3999733329,0
894,686210.2921280209,0
1073,686211.0029682799,0
534,686331.1902791448,0
529,686440.5514625558,0
528,686497.8610111001,0
531,686862.3128993873,0
198,686871.0843337656,0
246,686875.2116183623,0
399,686913.1720998363,0
398,686913.9643242721,0
241,687024.3611317127,0
389,687315.9725606834,0
391,687327.19092496,0
388,687460.967325662,0
6,687462.4007969187,0
7,687571.8200540406,0
14,687618.4060883729,0
9,687638.6019557208,0
8,687648.8238317786,0
146,687707.9328498748,0
147,687709.5509082914,0
154,687750.7408666704,0
149,687751.5033557535,0
24,688146.5799902991,0
561,688345.0667268804,0
558,688362.5162496815,0
673,688402.6891328878,0
670,688404.8516715175,0
671,688529.2853383718,0
676,688532.4887420429,0
677,688576.254170088,0
674,688578.9725680923,0
190,688579.5167772995,0
131,688580.8771238072,0
130,688581.2841729453,0
124,688581.5204419345,0
125,688623.3245533871,0
127,688648.4826370726,0
103,688674.6340852986,0
102,688685.0536598638,0
90,688687.4503924724,0
99,688716.8697675113,0
98,688717.8669006947,0
92,688719.0629174733,0
96,688778.3260311622,0
288,777600.0,1
294,777769.9027310214,1
291,777773.3421827474,1
290,777930.1273700172,1
285,777958.1535576488,1
284,777974.2904435358,1
287,777979.0363474436,1
286,777980.4116723241,1
310,778008.2592601614,1
305,778059.4483556367,1
304,778087.1021574346,1
256,778817.1616030082,1
255,778818.9599591645,1
259,778979.1959404851,1
254,778980.5839413339,1
257,779350.4582445945,1
258,779356.507102173,1
253,779833.7357241517,1
252,779949.9119030046,1
261,780139.575793912,1
263,780143.1127605698,1
260,780369.2987209004,1
262,780370.4669739454,1
270,780547.7505398351,1
265,780548.7719673242,1
264,780869.674172647,1
267,780984.9009371458,1
271,781663.7471696849,1
268,781671.5175332344,1
497,781680.4480156451,1
218,781770.0020205241,1
883,781770.5080094327,1
888,781784.2641185883,1
897,781824.4191288952,1
1040,781825.4861214075,1
349,781931.0898680404,1
353,781963.4545137383,1
352,782308.71062939,1
355,782431.4458414261,1
895,782769.6643509456,1
894,782844.5573339154,1
1073,782845.2681741744,1
534,782965.5816500721,1
529,783074.9428814284,1
528,783132.2524299729,1
531,783496.7043182601,1
198,783505.4757526383,1
246,783509.6030372351,1
399,783547.563518709,1
398,783548.3557431449,1
241,783658.7554845588,1
389,783950.3692615835,1
391,783961.5876258601,1
388,784095.3640265622,1
6,784096.7974978188,1
7,784206.2728941896,1
14,784252.8589285219,1
9,784273.0547958697,1
8,784283.2766719274,1
146,784342.3856900238,1
147,784344.0037484402,1
154,784385.1937068193,1
149,784385.9561959024,1
24,784781.0328304479,1
561,784979.5195670292,1
558,784996.9690898304,1
673,785037.1419730367,1
141,785039.3045116664,1
151,785044.7197985598,1
150,785166.9034848027,1
145,785201.3300214234,1
655,785205.0131931124,1
677,785210.692977124,1
674,785213.4113751283,1
190,785213.9555843355,1
131,785215.3159308432,1
130,785215.7229799813,1
124,785215.9592489705,1
125,785257.7633604232,1
127,785282.9214441086,1
103,785309.0728923348,1
102,785319.4924668999,1
90,785321.8891995086,1
99,785351.3085745474,1
98,785352.3057077308,1
92,785353.5017245094,1
96,785412.7648381982,1
288,907680.0,2
294,907943.0393905459,2
291,907946.478842272,2
290,908103.2640295418,2
285,908131.2902171733,2
284,908147.4271030603,2
287,908152.1730069682,2
286,908153.5483318487,2
310,908181.3959196861,2
305,908232.5850151613,2
304,908260.2388169592,2
256,908990.2982625328,2
255,908992.0966186891,2
259,909152.3326000097,2
254,909153.7206008586,2
257,909523.5949041191,2
258,909529.6437616977,2
253,910006.8723836764,2
252,910123.0485625293,2
261,910312.7124534366,2
263,910316.2494200943,2
260,910542.435380425,2
262,910543.6036334699,2
270,910720.8871993596,2
265,910721.9086268487,2
264,911042.8108321715,2
267,911158.0375966703,2
271,911836.8838292094,2
268,911844.654192759,2
497,911853.5846751697,2
218,911943.1432206804,2
883,911943.649209589,2
888,911957.4053187446,2
897,911997.5603290515,2
1040,911998.6273215639,2
349,912104.2393730315,2
353,912136.6040187294,2
352,912482.6738277659,2
355,912605.4268835534,2
895,912944.4135857059,2
894,913024.158882348,2
1073,913024.9191960377,2
534,913146.1205752615,2
529,913255.4818241573,2
528,913312.7913727018,2
531,913677.2436769692,2
198,913686.0151273445,2
246,913690.1424119413,2
399,913728.1028934154,2
398,913728.8951178512,2
241,913839.2919252916,2
389,914130.9036467365,2
391,914142.1220110131,2
388,914275.9331944139,2
6,914277.3666656706,2
7,914386.7859227926,2
14,914433.3719571249,2
9,914453.5678244727,2
8,914463.7897005305,2
146,914522.8987186268,2
147,914524.5167770432,2
154,914565.7067354224,2
149,914566.4692245055,2
24,914961.5458590509,2
561,915160.0325956322,2
558,915177.4821184335,2
673,915217.6550016396,2
670,915219.8175402695,2
671,915344.2512071237,2
676,915347.4546107949,2
677,915391.22003884,2
674,915393.9384368443,2
190,915394.4826460513,2
131,915395.8429925592,2
130,915396.2500416973,2
124,915396.4863106863,2
125,915438.2905984235,2
127,915463.4486821089,2
103,915489.6001303351,2
102,915500.0197049002,2
90,915502.4164375089,2
99,915531.8358125476,2
98,915532.8329457311,2
92,915534.0289625097,2
96,915593.2920761985,2
288,1020600.0,3
294,1020767.4383675505,3
291,1020770.8778192765,3
290,1020927.6630065463,3
285,1020955.6891941779,3
284,1020971.8260800649,3
287,1020976.5719839727,3
286,1020977.9473088532,3
310,1021005.7948966905,3
305,1021056.9839921658,3
304,1021084.6377939637,3
256,1021814.6972395373,3
255,1021816.4955956936,3
259,1021976.7315770142,3
254,1021978.119577863,3
257,1022347.9938811236,3
258,1022354.0427387021,3
253,1022831.2713606808,3
252,1022947.4475395337,3
261,1023137.111430441,3
263,1023140.6483970988,3
260,1023366.8343574294,3
262,1023368.0026104744,3
270,1023545.286176364,3
265,1023546.3076038532,3
264,1023867.2098091759,3
267,1023982.4365736748,3
271,1024661.2828062138,3
268,1024669.0531697634,3
497,1024677.9836521741,3
218,1024767.5376570531,3
883,1024768.0436459617,3
888,1024781.7997551173,3
897,1024821.9547654241,3
1040,1024823.0217579366,3
349,1024928.6255045694,3
353,1024960.9901502673,3
352,1025306.2462517772,3
355,1025428.9814638133,3
895,1025767.1999733328,3
894,1025842.0921280208,3
1073,1025842.8029682798,3
534,1025962.9902791447,3
529,1026072.3514625557,3
528,1026129.6610111002,3
531,1026494.1128993874,3
198,1026502.8843337656,3
246,1026507.0116183624,3
399,1026544.9720998363,3
398,1026545.7643242722,3
241,1026656.1611317126,3
389,1026947.7725606834,3
391,1026958.9909249599,3
388,1027092.767325662,3
6,1027094.2007969187,3
7,1027203.6200540407,3
14,1027250.206088373,3
9,1027270.4019557207,3
8,1027280.6238317785,3
146,1027339.7328498749,3
147,1027341.3509082913,3
154,1027382.5408666704,3
149,1027383.3033557535,3
24,1027778.379990299,3
561,1027976.8667268803,3
558,1027994.3162496815,3
673,1028034.4891328877,3
141,1028036.6516715175,3
151,1028042.0669584109,3
150,1028164.2506446538,3
145,1028198.6771812745,3
655,1028202.3603529636,3
677,1028208.0401369751,3
674,1028210.7585349794,3
190,1028211.3027441866,3
131,1028212.6630906943,3
130,1028213.0701398324,3
124,1028213.3064088216,3
125,1028255.1105202741,3
127,1028280.2686039596,3
103,1028306.4200521858,3
102,1028316.8396267509,3
90,1028319.2363593596,3
99,1028348.6557343983,3
98,1028349.6528675818,3
92,1028350.8488843604,3
96,1028410.1119980492,3
288,1134480.0,4
294,1134735.6383675504,4
291,1134739.0809458403,4
290,1134895.8630065464,4
285,1134923.889194178,4
284,1134940.026080065,4
287,1134944.7719839728,4
286,1134946.1473088532,4
310,1134973.9948966906,4
305,1135025.1839921658,4
304,1135052.8377939637,4
256,1135782.8972395372,4
255,1135784.6955956935,4
259,1135944.9315770143,4
254,1135946.319577863,4
257,1136316.1938811236,4
258,1136322.242738702,4
253,1136799.4713606809,4
252,1136915.6475395337,4
261,1137105.311430441,4
263,1137108.8483970987,4
260,1137335.0343574292,4
262,1137336.2026104743,4
270,1137513.486176364,4
265,1137514.507603853,4
264,1137835.4098091759,4
267,1137950.6365736746,4
271,1138629.4828062137,4
268,1138637.2531697634,4
497,1138646.183652174,4
218,1138735.737657053,4
883,1138736.2436459616,4
888,1138749.999755117,4
897,1138790.154765424,4
1040,1138791.2217579363,4
349,1138896.8255045693,4
353,1138929.1901502674,4
352,1139274.4462517772,4
355,1139397.1814638134,4
895,1139735.3999733329,4
894,1139810.292128021,4
1073,1139811.0029682799,4
534,1139931.1902791448,4
529,1140040.5514625558,4
528,1140097.8610111002,4
531,1140462.3128993874,4
198,1140471.0843337656,4
246,1140475.2116183625,4
399,1140513.1720998364,4
398,1140513.9643242722,4
241,1140624.3611317128,4
389,1140915.9725606835,4
391,1140927.19092496,4
388,1141060.967325662,4
6,1141062.4007969187,4
7,1141171.8200540408,4
14,1141218.4060883732,4
9,1141238.601955721,4
8,1141248.8238317787,4
146,1141307.932849875,4
147,1141309.5509082915,4
154,1141350.7408666706,4
149,1141351.5033557536,4
24,1141746.5799902992,4
561,1141945.0667268804,4
558,1141962.5162496816,4
673,1142002.6891328879,4
670,1142004.8516715176,4
671,1142129.285338372,4
676,1142132.488742043,4
677,1142176.254170088,4
674,1142178.9725680924,4
190,1142179.5167772993,4
131,1142180.8771238073,4
130,1142181.2841729454,4
124,1142181.5204419345,4
125,1142223.324553387,4
127,1142248.4826370724,4
103,1142274.6340852987,4
102,1142285.0536598638,4
90,1142287.4503924726,4
99,1142316.8697675113,4
98,1142317.8669006946,4
92,1142319.0629174733,4
96,1142378.3260311622,4
288,793800.0,5
294,793967.4383675505,5
291,793970.8778192765,5
290,794127.6630065463,5
285,794155.6891941779,5
284,794171.8260800649,5
287,794176.5719839727,5
286,794177.9473088532,5
310,794205.7948966905,5
305,794256.9839921658,5
304,794284.6377939637,5
256,795014.6972395373,5
255,795016.4955956936,5
259,795176.7315770142,5
254,795178.119577863,5
257,795547.9938811236,5
258,795554.0427387021,5
253,796031.2713606808,5
252,796147.4475395337,5
261,796337.111430441,5
263,796340.6483970988,5
260,796566.8343574294,5
262,796568.0026104744,5
270,796745.286176364,5
265,796746.3076038532,5
264,797067.2098091759,5
267,797182.4365736748,5
271,797861.2828062138,5
268,797869.0531697634,5
497,797877.9836521741,5
218,797967.5376570531,5
883,797968.0436459617,5
888,797981.7997551173,5
897,798021.9547654241,5
1040,798023.0217579366,5
349,798128.6255045694,5
353,798160.9901502673,5
352,798506.2462517772,5
355,798628.9814638133,5
895,798967.1999733328,5
894,799042.0921280208,5
1073,799042.8029682798,5
534,799162.9902791447,5
529,799272.3514625557,5
528,799329.6610111002,5
531,799694.1128993874,5
198,799702.8843337656,5
246,799707.0116183624,5
399,799744.9720998363,5
398,799745.7643242722,5
241,799856.1611317126,5
389,800147.7725606834,5
391,800158.9909249599,5
388,800292.767325662,5
6,800294.2007969187,5
7,800403.6200540407,5
14,800450.206088373,5
9,800470.4019557207,5
8,800480.6238317785,5
146,800539.7328498749,5
147,800541.3509082913,5
154,800582.5408666704,5
149,800583.3033557535,5
24,800978.379990299,5
561,801176.8667268803,5
558,801194.3162496815,5
673,801234.4891328877,5
141,801236.6516715175,5
151,801242.0669584109,5
150,801364.2506446538,5
145,801398.6771812745,5
655,801402.3603529636,5
677,801408.0401369751,5
674,801410.7585349794,5
190,801411.3027441866,5
131,801412.6630906943,5
130,801413.0701398324,5
124,801413.3064088216,5
125,801455.1105202741,5
127,801480.2686039596,5
103,801506.4200521858,5
102,801516.8396267509,5
90,801519.2363593596,5
99,801548.6557343983,5
98,801549.6528675818,5
92,801550.8488843604,5
96,801610.1119980492,5
288,908160.0,6
294,908511.2393905459,6
291,908514.678842272,6
290,908671.4640295419,6
285,908699.4902171734,6
284,908715.6271030604,6
287,908720.3730069683,6
286,908721.7483318486,6
310,908749.5959196861,6
305,908800.7850151613,6
304,908828.4388169592,6
256,909558.4982625328,6
255,909560.2966186892,6
259,909720.5326000097,6
254,909721.9206008585,6
257,910091.7949041192,6
258,910097.8437616978,6
253,910575.0723836763,6
252,910691.2485625292,6
261,910880.9124534365,6
263,910884.4494200944,6
260,911110.6353804249,6
262,911111.8036334699,6
270,911289.0871993596,6
265,911290.1086268488,6
264,911611.0108321715,6
267,911726.2375966703,6
271,912405.0838292093,6
268,912412.8541927589,6
497,912421.7846751697,6
218,912511.3432206804,6
883,912511.8492095891,6
888,912525.6053187446,6
897,912565.7603290514,6
1040,912566.8273215638,6
349,912672.4393730315,6
353,912704.8040187294,6
352,913050.8738277659,6
355,913173.6268835535,6
895,913517.5162010908,6
894,913592.4083557788,6
1073,913593.1191960378,6
534,913714.3205752616,6
529,913823.6818241574,6
528,913880.9913727017,6
531,914245.4436929664,6
198,914254.2151273446,6
392,914258.3424119414,6
395,914292.2335182203,6
394,914292.9276090642,6
241,916483.6570522751,6
389,916744.5835296828,6
391,916754.621436158,6
388,916874.3211504583,6
6,916875.6037840093,6
7,916973.518796005,6
14,917015.2027923653,6
9,917033.2735398134,6
8,917042.4198140239,6
146,917095.3090571308,6
147,917096.7568545686,6
154,917133.6125796752,6
149,917134.294835476,6
24,917487.7993402588,6
561,917665.4002140788,6
558,917681.013602412,6
673,917716.9592745722,6
670,917718.8942590298,6
671,917830.2343331656,6
676,917833.1006571376,6
677,917872.26084687,6
674,917874.693200131,6
190,917875.1801446612,6
131,917876.3973480505,6
130,917876.7615652463,6
124,917876.9729727169,6
125,917914.3782263431,6
127,917936.8890385169,6
103,917960.2886879676,6
102,917969.6118577645,6
90,917971.7563930264,6
99,917998.080100112,6
98,917998.9723094744,6
92,918000.0424748096,6
96,918053.0695987259,6
288,681360.0,7
294,681698.2366473916,7
291,681701.728344126,7
290,681863.8088818874,7
285,681891.8350695189,7
284,681908.7112719609,7
287,681913.4571758687,7
286,681914.8325007492,7
310,681942.680122979,7
305,681993.8692184542,7
304,682021.5230202521,7
256,682751.5824910174,7
255,682753.3808471739,7
259,682913.6168284945,7
254,682915.0048293433,7
257,683284.8791326039,7
258,683290.9279901824,7
253,683768.1566121611,7
252,683884.332791014,7
261,684073.9966819213,7
263,684077.533648579,7
260,684303.952524217,7
262,684305.1340136707,7
270,684498.9804231514,7
265,684500.12677326,7
264,684894.7860487469,7
267,685043.1175888595,7
271,685824.5664820052,7
268,685832.3368455548,7
497,685841.2673279655,7
218,685931.061766469,7
883,685931.5764749607,7
888,685945.6188266282,7
897,685987.3455431595,7
1040,685988.4726740918,7
349,686108.5192490736,7
353,686146.8403763139,7
352,686544.9843902146,7
355,686694.5309144444,7
895,687078.554309932,7
894,687157.8595670204,7
1073,687158.668472834,7
534,687316.1945231564,7
529,687444.077234561,7
528,687503.657706668,7
531,687873.5841120869,7
198,687882.3555464651,7
392,687886.4828310619,7
395,687924.4088880088,7
394,687925.1898196564,7
241,689610.919419781,7
389,689908.6556429401,7
391,689919.8740072165,7
388,690054.177916888,7
6,690055.6113881448,7
7,690166.3272243654,7
14,690213.2948585926,7
9,690233.4908584917,7
8,690243.7270212888,7
146,690302.8373469298,7
147,690304.4554053464,7
154,690345.6453637254,7
149,690346.4078528085,7
24,690746.5037687066,7
561,690945.0645516064,7
558,690962.6076590548,7
673,691003.0930857541,7
670,691005.2719857454,7
671,691132.7212924106,7
676,691136.0148793957,7
677,691181.3097298879,7
674,691184.15260591,7
190,691184.7222660311,7
131,691186.1470235406,7
130,691186.573568164,7
124,691186.8212006524,7
125,691231.2050461516,7
127,691258.1566621512,7
103,691286.2050861145,7
102,691297.4390290356,7
90,691300.023088687,7
99,691332.0427705623,7
98,691333.1440690502,7
92,691334.466435626,7
96,691401.9769316028,7
288,1134960.0,8
294,1135298.3179150613,8
291,1135301.8096117955,8
290,1135463.8089300334,8
285,1135491.8351176647,8
284,1135508.711271961,8
287,1135513.457175869,8
286,1135514.8325007493,8
310,1135542.6801229792,8
305,1135593.8692184545,8
304,1135621.5230202524,8
256,1136351.5824910176,8
255,1136353.380847174,8
259,1136513.6168284947,8
254,1136515.0048293434,8
257,1136884.8791326042,8
258,1136890.9279901825,8
253,1137368.1566121613,8
252,1137484.332791014,8
261,1137673.9966819214,8
263,1137677.5336485791,8
260,1137903.952524217,8
262,1137905.134013671,8
270,1138098.9804231515,8
265,1138100.12677326,8
264,1138494.7860487471,8
267,1138643.1175888595,8
271,1139424.5664820052,8
268,1139432.3368455546,8
497,1139441.2673279655,8
218,1139531.061766469,8
883,1139531.5764749607,8
888,1139545.6188266282,8
897,1139587.3455431596,8
1040,1139588.4726740918,8
349,1139708.5192490737,8
353,1139746.8403763138,8
352,1140144.9843902146,8
355,1140294.5309144442,8
895,1140678.554309932,8
894,1140757.8595670206,8
1073,1140758.6684728342,8
534,1140916.1945231564,8
529,1141044.077234561,8
528,1141103.6577066681,8
531,1141473.5841120868,8
198,1141482.3555464651,8
392,1141486.4828310618,8
395,1141524.4088880087,8
394,1141525.1898196563,8
241,1143210.9194197808,8
389,1143508.65564294,8
391,1143519.8740072164,8
388,1143654.177916888,8
6,1143655.6113881445,8
7,1143766.3272243652,8
14,1143813.2948585923,8
9,1143833.4908584915,8
8,1143843.7270212886,8
146,1143902.8373469296,8
147,1143904.4554053461,8
154,1143945.6453637253,8
149,1143946.4078528082,8
24,1144346.5037687062,8
561,1144545.064551606,8
558,1144562.6076590545,8
673,1144603.0930857537,8
670,1144605.2719857453,8
671,1144732.7212924105,8
676,1144736.0148793955,8
677,1144781.3097298876,8
674,1144784.1526059096,8
190,1144784.722266031,8
131,1144786.1470235402,8
130,1144786.5735681637,8
124,1144786.821200652,8
125,1144831.2050461515,8
127,1144858.156662151,8
103,1144886.2050861141,8
102,1144897.4390290354,8
90,1144900.0230886866,8
99,1144932.0427705622,8
98,1144933.14406905,8
92,1144934.4664356257,8
96,1145001.9769316025,8
288,648000.0,9
294,648171.2393905459,9
291,648174.678842272,9
290,648331.4640295418,9
285,648359.4902171732,9
284,648375.6271030604,9
287,648380.3730069682,9
286,648381.7483318485,9
310,648409.595919686,9
305,648460.7850151611,9
304,648488.438816959,9
256,649218.4982625326,9
255,649220.2966186891,9
259,649380.5326000096,9
254,649381.9206008584,9
257,649751.7949041191,9
258,649757.8437616976,9
253,650235.0723836762,9
252,650351.2485625292,9
261,650540.9124534364,9
263,650544.4494200943,9
260,650770.6353804248,9
262,650771.8036334697,9
270,650949.0871993594,9
265,650950.1086268487,9
264,651271.0108321714,9
267,651386.2375966702,9
271,652065.0838292092,9
268,652072.8541927588,9
497,652081.7846751696,9
218,652171.3386800486,9
883,652171.8446689572,9
888,652185.6007781127,9
897,652225.7557884196,9
1040,652226.822780932,9
349,652332.4310681967,9
353,652364.7957138947,9
352,652710.3455281077,9
355,652833.6268835533,9
895,653172.3844803298,9
894,653247.3464322124,9
1073,653248.0627493092,9
534,653374.3120604377,9
529,653483.6817586726,9
528,653540.9913727017,9
531,653905.443437589,9
198,653914.2148719671,9
246,653918.342156564,9
399,653956.302638038,9
398,653957.0948624738,9
241,654067.4919252916,9
389,654359.1036467366,9
391,654370.322011013,9
388,654504.0984117151,9
6,654505.5318829718,9
7,654614.9859227926,9
14,654661.5719571249,9
9,654681.7678244726,9
8,654691.9897005304,9
146,654751.0987186268,9
147,654752.7167770432,9
154,654793.9067354223,9
149,654794.6692245053,9
24,655189.7458590509,9
561,655388.2325956322,9
558,655405.6821184334,9
673,655445.8550016396,9
141,655448.0175402694,9
151,655453.4328271628,9
150,655575.6165134057,9
145,655610.0430500264,9
655,655613.7262217154,9
677,655619.406005727,9
674,655622.1244037313,9
190,655622.6686129385,9
131,655624.0289594462,9
130,655624.4360085843,9
124,655624.6722775735,9
125,655666.4763890262,9
127,655691.6344727115,9
103,655717.7859209377,9
102,655728.2054955028,9
90,655730.6022281115,9
99,655760.0217794348,9
98,655761.0189126182,9
92,655762.2149293968,9
96,655821.4780430855,9
634,793800.0,10
630,793975.7767928946,10
636,794035.0399065835,10
637,794036.2359233621,10
628,794037.2330565455,10
640,794066.6524315842,10
641,794069.049164193,10
665,794079.468738758,10
663,794105.6201869842,10
662,794130.7782706696,10
668,794172.5823821223,10
669,794172.8186511114,10
728,794173.2257002495,10
136,794174.5860467573,10
139,794175.1302559645,10
117,794177.8486539688,10
683,794183.5284379803,10
688,794187.2116096694,10
689,794221.6381462901,10
686,794343.821832533,10
687,801156.0574419813,10
692,801551.134076527,10
685,801551.89656561,10
684,801593.0865239891,10
546,801594.7045824055,10
547,801653.8136005019,10
552,801664.0354840533,10
545,801684.2432975762,10
544,801730.83986505,10
926,801840.2604244136,10
929,801841.6938956702,10
927,801975.4715054854,10
779,801986.6898697618,10
936,802278.3091073293,10
937,802388.7148490387,10
784,802389.5070734745,10
736,802427.4675549485,10
1069,802431.5948395453,10
1066,802440.3662739235,10
1067,802804.849127485,10
1072,802862.1586760293,10
535,802971.9931672429,10
356,803092.497436046,10
357,803093.208276305,10
893,803168.100430993,10
890,803506.791536455,10
891,803629.5290308048,10
887,803974.7924790175,10
502,804007.1571247154,10
359,804112.7613499765,10
350,804113.828342489,10
345,804153.9833527958,10
756,804167.7394619513,10
1035,804168.24545086,10
806,804257.8017852061,10
809,804266.7322676168,10
805,804274.5026311664,10
802,804993.9314350997,10
803,805109.1581995984,10
808,805430.0604049212,10
800,805431.0818324104,10
798,805608.3653983001,10
801,805609.5336513451,10
799,805835.7196116756,10
790,805839.2565783334,10
791,806028.9204692408,10
796,806145.0966480937,10
795,806622.3252700723,10
792,806628.3741276507,10
797,806998.2484309115,10
793,806999.6364317603,10
794,807159.8724130809,10
842,807161.6707692372,10
843,807970.8924170176,10
848,807998.5462188155,10
824,808049.7353142906,10
825,808077.5829021281,10
822,808078.9582270085,10
823,808083.7041309164,10
828,808099.8410168034,10
829,808127.8672044349,10
832,808302.5837845089,10
826,808307.5774956674,10
634,907680.0,11
630,907970.583700965,11
636,908029.8468146538,11
637,908031.0428314324,11
628,908032.039964616,11
640,908061.4602656546,11
641,908063.8579314116,11
665,908074.2777928062,11
663,908100.4292498847,11
662,908125.5878892414,11
668,908167.3920006941,11
669,908167.6282696831,11
728,908168.0353188212,11
136,908169.3956653291,11
139,908169.9398745361,11
117,908172.6582725404,11
683,908178.338056552,11
688,908182.0212282412,11
689,908216.4477648619,11
686,908338.6314511047,11
687,917657.0012013898,11
692,918052.0778359353,11
685,918052.8403250184,11
684,918094.0302833975,11
546,918095.6483418139,11
547,918154.7573599103,11
552,918164.9792402105,11
545,918185.1822770698,11
544,918231.7732839788,11
926,918341.2018120418,11
929,918342.6352832984,11
927,918476.4118975342,11
779,918487.6302618106,11
936,918779.2547023693,11
937,918889.6777733605,11
784,918890.4699977962,11
736,920306.0898962829,11
1069,920310.2171808797,11
1066,920318.9886152579,11
1067,920683.518833487,11
1072,920740.8283820313,11
535,920850.2480361513,11
356,920970.5049882542,11
357,920971.2158285131,11
893,921046.1079832012,11
890,921385.994151789,11
891,921509.2719617233,11
887,921855.4055290268,11
502,921887.7701747247,11
359,921993.3949008695,11
350,921994.4618933818,11
345,922034.6169036886,11
756,922048.3730128442,11
1035,922048.8790017528,11
806,922138.4457126533,11
809,922147.3761950642,11
805,922155.1465586136,11
802,922934.2642567458,11
803,923051.378601277,11
808,923372.3246717505,11
800,923373.3460992398,11
798,923550.6916972743,11
801,923551.8599503193,11
799,923778.0459106499,11
790,923781.5828773077,11
791,923971.246768215,11
796,924087.4229470679,11
795,924564.6515690467,11
792,924570.7004266252,11
797,924940.5747298858,11
793,924941.9627307346,11
794,925102.1987120552,11
842,925103.9970682116,11
843,926027.7424694139,11
848,926058.7164854235,11
824,926115.6236361671,11
825,926146.119494684,11
822,926147.6011029818,11
823,926152.6858879658,11
828,926169.6840944336,11
829,926198.3242957433,11
832,926385.7459916705,11
826,926391.9071546076,11
634,1036800.0,12
630,1036997.9195284297,12
636,1037058.0468146538,12
637,1037059.2428314325,12
628,1037060.2399646159,12
640,1037089.6593396546,12
641,1037092.0560722634,12
665,1037102.4756468284,12
663,1037128.6270950546,12
662,1037153.78517874,12
668,1037195.5914361704,12
669,1037195.8277051596,12
728,1037196.2347542976,12
136,1037197.5951008054,12
139,1037198.1393100126,12
117,1037200.8577080169,12
683,1037206.5374920284,12
688,1037210.2206637175,12
689,1037244.6477648618,12
686,1037366.8314511047,12
687,1044162.2656408508,12
692,1044560.1266945788,12
685,1044560.8947131992,12
684,1044602.4280662693,12
546,1044604.0486043242,12
547,1044663.3692484169,12
552,1044673.8962810657,12
545,1044695.2903774073,12
544,1044747.2162288346,12
926,1044870.2926268002,12
929,1044871.8426796646,12
927,1045008.5299493434,12
779,1045020.0223754542,12
936,1045314.4731227107,12
937,1045425.4651590197,12
784,1045426.2573834554,12
736,1045464.2249241,12
1069,1045468.3522086968,12
1066,1045477.123643075,12
1067,1045871.4794570942,12
1072,1045942.6878467626,12
535,1046079.6752321183,12
356,1046235.673656285,12
357,1046236.5555734697,12
893,1046319.5409719411,12
890,1046682.4071165462,12
891,1046811.7471671456,12
887,1047171.2349305082,12
502,1047204.9175139082,12
359,1047313.3291546076,12
350,1047314.429534609,12
345,1047355.0686710008,12
756,1047368.8247801563,12
1035,1047369.3307690648,12
806,1047459.4495795894,12
809,1047468.6026396634,12
805,1047476.5964876388,12
802,1048352.1351985133,12
803,1048477.6433548429,12
808,1048805.874185348,12
800,1048806.8956128373,12
798,1048987.7981176632,12
801,1048988.9663785761,12
799,1049215.4211943715,12
790,1049218.9581610295,12
791,1049408.9839138638,12
796,1049527.088763804,12
795,1050005.9109057146,12
792,1050011.9597632932,12
797,1050383.9020804595,12
793,1050385.2900813082,12
794,1050545.5260626287,12
842,1050547.324418785,12
843,1051642.9499642951,12
848,1051678.1555162296,12
824,1051743.4346276044,12
825,1051778.6715879801,12
822,1051780.385910347,12
823,1051786.2656006413,12
828,1051805.8602204816,12
829,1051838.733694599,12
832,1052072.4325655377,12
826,1052081.8754942925,12
634,1134480.0,13
630,1134744.0047442177,13
636,1134803.2678579066,13
637,1134804.463874685,13
628,1134805.4610078686,13
640,1134834.8803829073,13
641,1134837.2771155161,13
665,1134847.6966900812,13
663,1134873.8481383072,13
662,1134899.0062219927,13
668,1134940.8103334454,13
669,1134941.0466024345,13
728,1134941.4536515726,13
136,1134942.8139980803,13
139,1134943.3582072875,13
117,1134946.0766052918,13
683,1134951.7563893034,13
688,1134955.4395609924,13
689,1134989.8660976132,13
686,1135112.0497838561,13
687,1144533.5924724822,13
692,1144893.037003902,13
685,1144893.7322142958,13
684,1144931.4234165736,13
546,1144932.9009097163,13
547,1144987.0141818188,13
552,1144996.6349038163,13
545,1145016.2172590557,13
544,1145064.98354832,13
926,1145186.1783538228,13
929,1145187.7055325639,13
927,1145325.948523349,13
779,1145337.6617848459,13
936,1145619.150299502,13
937,1145718.9592842006,13
784,1145719.6708497433,13
736,1145753.6463776717,13
1069,1145757.3393667527,13
1066,1145765.18782271,13
1067,1146107.1944285468,13
1072,1146163.607394874,13
535,1146273.3732241616,13
356,1146401.879447574,13
357,1146402.6318290941,13
893,1146475.1197818688,13
890,1146800.2725029734,13
891,1146918.10708719,13
887,1147240.415900976,13
502,1147270.7355233093,13
359,1147371.8093098083,13
350,1147372.8372026484,13
345,1147410.6548954453,13
756,1147423.2085818336,13
1035,1147423.6670839533,13
806,1147504.079482736,13
809,1147512.192308047,13
805,1147519.2759159848,13
802,1148333.6803788207,13
803,1148449.6641799517,13
808,1148747.796749508,13
800,1148748.710696796,13
798,1148909.4568110562,13
801,1148910.50213411,13
799,1149112.8875674768,13
790,1149116.052355109,13
791,1149285.8222019523,13
796,1149390.384350774,13
795,1149817.768896418,13
792,1149823.1812600351,13
797,1150154.1866422843,13
793,1150155.428590073,13
794,1150298.8036628366,13
842,1150300.4127860975,13
843,1151304.5025513945,13
848,1151338.9826322151,13
824,1151402.5306295536,13
825,1151436.5163285555,13
822,1151438.158587686,13
823,1151443.7885127694,13
828,1151462.5976830455,13
829,1151494.7128556804,13
832,1151745.0341417638,13
826,1151757.8023111701,13
634,680880.0,14
630,681144.0047442177,14
636,681203.2678579065,14
637,681204.4638746852,14
628,681205.4610078686,14
640,681234.8803829073,14
641,681237.2771155161,14
665,681247.6966900812,14
663,681273.8481383073,14
662,681299.0062219928,14
668,681340.8103334454,14
669,681341.0466024346,14
728,681341.4536515726,14
136,681342.8139980804,14
139,681343.3582072876,14
117,681346.0766052919,14
683,681351.7563893034,14
688,681355.4395609925,14
689,681389.8660976132,14
686,681512.0497838561,14
687,690933.5924724826,14
692,691293.0370039023,14
685,691293.7322142961,14
684,691331.4234165739,14
546,691332.9009097167,14
547,691387.0141818192,14
552,691396.6349038167,14
545,691416.217259056,14
544,691464.9835483202,14
926,691586.178353823,14
929,691587.7055325642,14
927,691725.9485233491,14
779,691737.6617848461,14
936,692019.1502995025,14
937,692118.9592842009,14
784,692119.6708497436,14
736,692153.646377672,14
1069,692157.3393667529,14
1066,692165.1878227105,14
1067,692507.194428547,14
1072,692563.6073948746,14
535,692673.3732241618,14
356,692801.8794475743,14
357,692802.6318290945,14
893,692875.1197818692,14
890,693200.2725029737,14
891,693318.1070871904,14
887,693640.4159009764,14
502,693670.7355233097,14
359,693771.8093098087,14
350,693772.8372026487,14
345,693810.6548954457,14
756,693823.2085818339,14
1035,693823.6670839535,14
806,693904.0794827364,14
809,693912.1923080474,14
805,693919.2759159852,14
802,694733.6803788212,14
803,694849.664179952,14
808,695147.7967495084,14
800,695148.7106967964,14
798,695309.4568110566,14
801,695310.5021341104,14
799,695512.8875674771,14
790,695516.0523551094,14
791,695685.8222019527,14
796,695790.3843507746,14
795,696217.7688964183,14
792,696223.1812600354,14
797,696554.1866422845,14
793,696555.4285900734,14
794,696698.8036628369,14
842,696700.4127860977,14
843,697704.5025513946,14
848,697738.9826322154,14
824,697802.5306295538,14
825,697836.5163285558,14
822,697838.1585876864,14
823,697843.7885127695,14
828,697862.5976830458,14
829,697894.7128556806,14
832,698145.0341417639,14
826,698157.8023111705,14
634,915681.4920761986,15
630,915886.600527524,15
636,915945.2082054568,15
637,915946.328910252,15
628,915947.2612901019,15
640,915974.0613094452,15
641,915976.2058447071,15
665,915985.529014504,15
663,916008.9286639548,15
662,916031.4394761286,15
668,916068.8584619324,15
669,916069.069869403,15
728,916069.4340865988,15
136,916070.6512899881,15
139,916071.1382345185,15
117,916073.5705877793,15
683,916078.6527137739,15
688,916081.9483219424,15
689,916112.753292688,15
686,916222.0801415095,15
687,921605.4089599536,15
692,921964.8534913732,15
685,921965.5487017671,15
684,922003.2399040449,15
546,922004.7173971877,15
547,922058.8306692902,15
552,922068.4513912877,15
545,922088.033746527,15
544,922136.8000357912,15
926,922257.994841294,15
929,922259.5220200352,15
927,922397.7650108201,15
779,922409.4782723171,15
936,922690.9667869735,15
937,922790.7757716719,15
784,922791.4873372146,15
736,922825.462865143,15
1069,922829.1558542239,15
1066,922837.0043101815,15
1067,923179.010916018,15
1072,923235.4238823456,15
535,923345.1897116328,15
356,923473.6959350453,15
357,923474.4483165655,15
893,923546.9362693402,15
890,923872.0889904447,15
891,923989.9235746614,15
887,924312.2323884474,15
502,924342.5520107807,15
359,924443.6257972796,15
350,924444.6536901197,15
345,924482.4713829167,15
756,924495.0250693049,15
1035,924495.4835714245,15
806,924575.8959702074,15
809,924584.0087955184,15
805,924591.0924034562,15
802,925405.4968662922,15
803,925521.480667423,15
808,925819.6132369793,15
800,925820.5271842674,15
798,925981.2732985276,15
801,925982.3186215814,15
799,926184.7040549481,15
790,926187.8688425804,15
791,926357.6386894237,15
796,926462.2008382456,15
795,926889.5853838893,15
792,926894.9977475064,15
797,927226.0031297555,15
793,927227.2450775444,15
794,927370.6201503079,15
842,927372.2292735687,15
843,928376.3190388656,15
848,928410.7991196864,15
824,928474.3471170248,15
825,928508.3328160268,15
822,928509.9750751574,15
823,928515.6050002405,15
828,928534.4141705168,15
829,928566.5293431516,15
832,928816.8506292349,15
826,928829.6187986415,15
634,907200.0,16
630,907397.9195284297,16
636,907458.0468146538,16
637,907459.2428314325,16
628,907460.2399646159,16
640,907489.6593396546,16
641,907492.0560722634,16
665,907502.4756468284,16
663,907528.6270950546,16
662,907553.78517874,16
668,907595.5914361704,16
669,907595.8277051596,16
728,907596.2347542976,16
136,907597.5951008054,16
139,907598.1393100126,16
117,907600.8577080169,16
683,907606.5374920284,16
688,907610.2206637175,16
689,907644.6477648618,16
686,907766.8314511047,16
687,915139.1786694538,16
692,915537.0397231819,16
685,915537.8077418023,16
684,915579.3410948723,16
546,915580.9616329273,16
547,915640.2822770199,16
552,915650.8093096687,16
545,915672.2034060104,16
544,915724.1292574377,16
926,915847.2056554033,16
929,915848.7557082677,16
927,915985.4429779465,16
779,915996.9354040573,16
936,916291.3861513138,16
937,916402.3781876228,16
784,916403.1704120585,16
736,916441.137952703,16
1069,916445.2652372998,16
1066,916454.0366716781,16
1067,916848.3924856973,16
1072,916919.6008753657,16
535,917056.5882607214,16
356,917212.5866848881,16
357,917213.4686020728,16
893,917296.4540005442,16
890,917659.3201451492,16
891,917788.6601957487,16
887,918148.1479591113,16
502,918181.8305425113,16
359,918290.2421832107,16
350,918291.342563212,16
345,918331.9816996038,16
756,918345.7378087593,16
1035,918346.2437976679,16
806,918436.3626081925,16
809,918445.5156682665,16
805,918453.5095162418,16
802,919329.0482271163,16
803,919454.556383446,16
808,919782.7872139508,16
800,919783.80864144,16
798,919964.7111462661,16
801,919965.8794071788,16
799,920192.3342229743,16
790,920195.8711896321,16
791,920385.8969424664,16
796,920504.0017924064,16
795,920982.8239343172,16
792,920988.8727918958,16
797,921360.8151090618,16
793,921362.2031099106,16
794,921522.4390912312,16
842,921524.2374473875,16
843,922619.8629928975,16
848,922655.068544832,16
824,922720.3476562068,16
825,922755.5846165826,16
822,922757.2989389496,16
823,922763.1786292439,16
828,922782.773249084,16
829,922815.6467232013,16
832,923049.3455941401,16
826,923058.7885228948,16
634,1134000.0,17
630,1134174.9047442176,17
636,1134234.1678579065,17
637,1134235.3638746853,17
628,1134236.3610078685,17
640,1134265.7803829075,17
641,1134268.177115516,17
665,1134278.596690081,17
663,1134304.7481383074,17
662,1134329.9062219928,17
668,1134371.7103334453,17
669,1134371.9466024346,17
728,1134372.3536515727,17
136,1134373.7139980805,17
139,1134374.2582072876,17
117,1134376.976605292,17
683,1134382.6563893035,17
688,1134386.3395609926,17
689,1134420.7660976131,17
686,1134542.949783856,17
687,1141915.78185143,17
692,1142310.8584859753,17
685,1142311.6209750583,17
684,1142352.8109334374,17
546,1142354.428991854,17
547,1142413.5380099502,17
552,1142423.7598902506,17
545,1142443.9629271098,17
544,1142490.5539340188,17
926,1142599.9824620818,17
929,1142601.4159333385,17
927,1142735.1925475742,17
779,1142746.4109118506,17
936,1143038.0353524094,17
937,1143148.4584234005,17
784,1143149.2506478364,17
736,1143187.2111293103,17
1069,1143191.338413907,17
1066,1143200.1098482853,17
1067,1143564.6400665143,17
1072,1143621.9496150587,17
535,1143731.3692691787,17
356,1143851.6262212815,17
357,1143852.3370615405,17
893,1143927.2292162285,17
890,1144267.1153848164,17
891,1144390.3931947506,17
887,1144736.526762054,17
502,1144768.891407752,17
359,1144874.5161338968,17
350,1144875.5831264092,17
345,1144915.738136716,17
756,1144929.4942458714,17
1035,1144930.0002347801,17
806,1145019.5669456806,17
809,1145028.4974280915,17
805,1145036.267791641,17
802,1145815.3854897732,17
803,1145932.4998343044,17
808,1146253.4459047779,17
800,1146254.467332267,17
798,1146431.8129303018,17
801,1146432.9811833466,17
799,1146659.1671436771,17
790,1146662.704110335,17
791,1146852.3680012424,17
796,1146968.5441800952,17
795,1147445.772802074,17
792,1147451.8216596525,17
797,1147821.695962913,17
793,1147823.083963762,17
794,1147983.3199450825,17
842,1147985.1183012389,17
843,1148908.8637024413,17
848,1148939.8377184507,17
824,1148996.7448691945,17
825,1149027.2407277115,17
822,1149028.7223360091,17
823,1149033.8071209933,17
828,1149050.8053274609,17
829,1149079.4455287706,17
832,1149266.867224698,17
826,1149273.0283876348,17
634,1142458.0564972705,18
630,1142623.5287160722,18
636,1142682.7918297611,18
637,1142683.9878465398,18
628,1142684.984979723,18
640,1142714.4043547618,18
641,1142716.8010873706,18
665,1142727.2206619356,18
663,1142753.372110162,18
662,1142778.5301938474,18
668,1142820.3343053,18
669,1142820.570574289,18
728,1142820.977623427,18
136,1142822.337969935,18
139,1142822.882179142,18
117,1142825.6005771463,18
683,1142831.2803611578,18
688,1142834.9635328471,18
689,1142869.3900694677,18
686,1142991.5737557106,18
687,1145092.3907719573,18
692,1145487.467406503,18
685,1145488.229895586,18
684,1145529.419853965,18
546,1145531.0379123816,18
547,1145590.1469304778,18
552,1145600.3694192967,18
545,1145620.6153152394,18
544,1145667.2960122542,18
926,1145776.7152864272,18
929,1145778.1487576838,18
927,1145911.935544632,18
779,1145923.1539089084,18
936,1146214.7665581685,18
937,1146325.163365609,18
784,1146325.9555900448,18
736,1146363.9160715188,18
1069,1146368.0433561157,18
1066,1146376.8147904938,18
913,1146743.348996969,18
910,1146747.2795263552,18
911,1146794.0990127774,18
1072,1146800.6871831873,18
535,1146910.8837996605,18
356,1147032.5223601204,18
357,1147033.2332003794,18
893,1147108.1253550674,18
890,1147449.4135565672,18
891,1147572.2637713521,18
887,1147917.759742727,18
502,1147950.124388425,18
359,1148055.7281350577,18
350,1148056.7951275702,18
345,1148096.950137877,18
756,1148110.7062470326,18
1035,1148111.212235941,18
806,1148200.76624082,18
809,1148209.6967232309,18
805,1148217.4670867804,18
802,1148930.3225378972,18
803,1149045.934642695,18
808,1149366.8368480175,18
800,1149367.8582755069,18
798,1149545.1418413965,18
801,1149546.3100944415,18
799,1149772.496054772,18
790,1149776.0330214298,18
791,1149965.696912337,18
796,1150081.8730911901,18
795,1150559.1017131684,18
792,1150565.150570747,18
797,1150935.0248740078,18
793,1150936.4128748565,18
794,1151096.6488561772,18
842,1151098.4472123336,18
843,1151892.9446643135,18
848,1151926.311612124,18
824,1151985.1136156933,18
825,1152017.100194272,18
822,1152018.7329648763,18
823,1152024.430038886,18
828,1152044.5531967583,18
829,1152082.4063417427,18
832,1152484.8582536108,18
826,1152491.2157881013,18
634,680400.0,19
630,680574.9047442178,19
636,680634.1678579065,19
637,680635.3638746851,19
628,680636.3610078687,19
640,680665.7803829074,19
641,680668.177115516,19
665,680678.5966900812,19
663,680704.7481383074,19
662,680729.9062219928,19
668,680771.7103334455,19
669,680771.9466024345,19
728,680772.3536515726,19
136,680773.7139980805,19
139,680774.2582072875,19
117,680776.9766052918,19
683,680782.6563893034,19
688,680786.3395609926,19
689,680820.7660976133,19
686,680942.949783856,19
687,688315.7818514301,19
692,688710.8584859755,19
685,688711.6209750586,19
684,688752.8109334378,19
546,688754.4289918542,19
547,688813.5380099505,19
552,688823.7598902507,19
545,688843.96292711,19
544,688890.5539340191,19
926,688999.982462082,19
929,689001.4159333387,19
927,689135.1925475744,19
779,689146.4109118509,19
936,689438.0353524096,19
937,689548.4584234008,19
784,689549.2506478365,19
736,689587.2111293105,19
1069,689591.3384139073,19
1066,689600.1098482856,19
1067,689964.6400665146,19
1072,690021.949615059,19
535,690131.369269179,19
356,690251.6262212818,19
357,690252.3370615408,19
893,690327.2292162288,19
890,690667.1153848167,19
891,690790.393194751,19
887,691136.5267620544,19
502,691168.8914077524,19
359,691274.5161338971,19
350,691275.5831264094,19
345,691315.7381367163,19
756,691329.4942458719,19
1035,691330.0002347805,19
806,691419.566945681,19
809,691428.4974280918,19
805,691436.2677916413,19
802,692215.3854897735,19
803,692332.4998343047,19
808,692653.4459047782,19
800,692654.4673322674,19
798,692831.812930302,19
801,692832.981183347,19
799,693059.1671436776,19
790,693062.7041103353,19
791,693252.3680012426,19
796,693368.5441800955,19
795,693845.7728020743,19
792,693851.8216596529,19
797,694221.6959629135,19
793,694223.0839637623,19
794,694383.3199450829,19
842,694385.1183012392,19
843,695308.8637024416,19
848,695339.8377184512,19
824,695396.7448691948,19
825,695427.2407277117,19
822,695428.7223360095,19
823,695433.8071209935,19
828,695450.8053274612,19
829,695479.4455287709,19
832,695666.8672246982,19
826,695673.0283876352,19
288,1036800.0,20
294,1036969.9027310214,20
291,1036973.3421827474,20
290,1037130.1273700172,20
285,1037158.1535576488,20
284,1037174.2904435358,20
287,1037179.0363474436,20
286,1037180.4116723241,20
310,1037208.2592601614,20
305,1037259.4483556367,20
304,1037287.1021574346,20
256,1038017.1616030082,20
255,1038018.9599591645,20
259,1038179.1959404851,20
254,1038180.5839413339,20
257,1038550.4582445945,20
258,1038556.507102173,20
253,1039033.7357241517,20
252,1039149.9119030046,20
261,1039339.575793912,20
263,1039343.1127605698,20
260,1039569.2987209004,20
262,1039570.4669739454,20
270,1039747.7505398351,20
265,1039748.7719673242,20
264,1040069.674172647,20
267,1040184.9009371458,20
271,1040863.7471696849,20
268,1040871.5175332344,20
497,1040880.4480156451,20
218,1040970.0020205241,20
883,1040970.5080094327,20
888,1040984.2641185883,20
897,1041024.4191288952,20
1040,1041025.4861214075,20
349,1041131.0898680404,20
353,1041163.4545137383,20
352,1041508.71062939,20
355,1041631.4458414261,20
895,1041969.6643509456,20
894,1042044.5573339154,20
1073,1042045.2681741744,20
534,1042165.5816500721,20
529,1042274.9428814284,20
528,1042332.2524299729,20
531,1042696.7043182601,20
198,1042705.4757526383,20
246,1042709.6030372351,20
399,1042747.563518709,20
398,1042748.3557431449,20
241,1042858.7554845588,20
389,1043150.3692615835,20
391,1043161.5876258601,20
388,1043295.3640265622,20
6,1043296.7974978188,20
7,1043406.2728941896,20
14,1043452.8589285219,20
9,1043473.0547958697,20
8,1043483.2766719274,20
146,1043542.3856900238,20
147,1043544.0037484402,20
154,1043585.1937068193,20
149,1043585.9561959024,20
24,1043981.0328304479,20
561,1044179.5195670292,20
558,1044196.9690898304,20
673,1044237.1419730367,20
141,1044239.3045116664,20
151,1044244.7197985598,20
150,1044366.9034848027,20
145,1044401.3300214234,20
655,1044405.0131931124,20
677,1044410.692977124,20
674,1044413.4113751283,20
190,1044413.9555843355,20
131,1044415.3159308432,20
130,1044415.7229799813,20
124,1044415.9592489705,20
125,1044457.7633604232,20
127,1044482.9214441086,20
103,1044509.0728923348,20
102,1044519.4924668999,20
90,1044521.8891995086,20
99,1044551.3085745474,20
98,1044552.3057077308,20
92,1044553.5017245094,20
96,1044612.7648381982,20
634,688858.0504406109,21
630,689020.7364028442,21
636,689079.9995165331,21
637,689081.1955333117,21
628,689082.1926664951,21
640,689111.6120415338,21
641,689114.0087741426,21
665,689124.4283487076,21
663,689150.5797969338,21
662,689175.7378806192,21
668,689217.5419920719,21
669,689217.7782610611,21
728,689218.1853101992,21
136,689219.5456567069,21
139,689220.0898659141,21
117,689222.8082639184,21
683,689228.48804793,21
688,689232.171219619,21
689,689266.5977562397,21
686,689388.7814424826,21
687,691492.3907719577,21
692,691887.4674065034,21
685,691888.2298955864,21
684,691929.4198539655,21
546,691931.0379123819,21
547,691990.1469304783,21
552,692000.3689697882,21
545,692020.5954772983,21
544,692067.2238818532,21
926,692176.6484753457,21
929,692178.0819466023,21
927,692311.8598517453,21
779,692323.0782160218,21
936,692614.7043132382,21
937,692725.1256371725,21
784,692725.9178616082,21
736,692763.8783430823,21
1069,692768.005627679,21
1066,692776.7770620572,21
1067,693142.0352562815,21
1072,693201.0530123488,21
535,693323.0361382738,21
356,693473.531873538,21
357,693474.4253104397,21
893,693559.9286590568,21
890,693964.4067869504,21
891,694117.2329736312,21
887,694538.9613145597,21
502,694578.8824177712,21
359,694708.425987883,21
350,694709.7424164579,21
345,694757.9519956888,21
756,694773.9246298106,21
1035,694774.5086031494,21
806,694879.3152167512,21
809,694890.2116935147,21
805,694899.7540267179,21
802,695842.5046226926,21
803,695991.2807273273,21
808,696355.841083729,21
800,696356.9338517991,21
798,696563.6799398089,21
801,696565.0444181416,21
799,696829.6004284959,21
790,696833.8353145048,21
791,697062.1904562245,21
796,697205.5576563455,21
795,697773.5679368614,21
792,697780.4869669488,21
797,698222.798592344,21
793,698224.4532342255,21
794,698414.2444740293,21
842,698416.374383444,21
843,699553.9096975806,21
848,699589.6423083242,21
824,699657.993686698,21
825,699695.4873561027,21
822,699697.3118005991,21
823,699703.5701097909,21
828,699724.4868665219,21
829,699759.8645473152,21
832,700015.9330444678,21
826,700024.7972294133,21
288,908640.0,22
294,909073.837670387,22
291,909077.3293671214,22
290,909239.4099048829,22
285,909267.4360925144,22
284,909284.3122949564,22
287,909289.0581988642,22
286,909290.4335237447,22
310,909318.2811459745,22
305,909369.4702414498,22
304,909397.1240432477,22
256,910127.183514013,22
255,910128.9818701694,22
259,910289.21785149,22
254,910290.6058523388,22
257,910660.4801555994,22
258,910666.529013178,22
253,911143.7576351566,22
252,911259.9338140095,22
261,911449.5977049168,22
263,911453.1346715746,22
260,911679.5535472125,22
262,911680.7350366663,22
270,911874.5814461469,22
265,911875.7277962555,22
264,912270.3870717424,22
267,912418.7186118551,22
271,913200.1675050007,22
268,913207.9378685503,22
497,913216.868350961,22
218,913306.6627894646,22
213,913307.1774979562,22
358,913362.9560567676,22
354,913364.0869480341,22
349,918350.2879135681,22
353,918388.579436416,22
352,918786.8096034153,22
355,918936.3561276451,22
895,919320.3795231328,22
894,919399.6847802212,22
1073,919400.4936860348,22
534,919558.0197363571,22
529,919685.9024477617,22
528,919745.4829198688,22
531,920115.4093252877,22
198,920124.1807596659,22
392,920128.3080442627,22
395,920166.2341012096,22
394,920167.0150328572,22
241,920282.735907252,22
389,920580.4721304111,22
391,920591.6904946875,22
388,920725.994404359,22
6,920727.4278756158,22
7,920838.1437118364,22
14,920885.1113460636,22
9,920905.3073459627,22
8,920915.5435087598,22
146,920974.6538344008,22
147,920976.2718928173,22
154,921017.4618511964,22
149,921018.2243402795,22
24,921418.3202561776,22
561,921616.8810390774,22
558,921634.4241465258,22
673,921674.9095732251,22
670,921677.0884732164,22
671,921804.5377798816,22
676,921807.8313668667,22
677,921853.1262173589,22
674,921855.969093381,22
190,921856.5387535021,22
131,921857.9635110116,22
130,921858.390055635,22
124,921858.6376881234,22
125,921903.0215336226,22
127,921929.9731496222,22
103,921958.0215735855,22
102,921969.2555165066,22
90,921971.839576158,22
99,922003.8592580333,22
98,922004.9605565212,22
92,922006.282923097,22
96,922073.7934190738,22
288,1134000.0,23
294,1134167.4383675505,23
291,1134170.8778192766,23
290,1134327.6630065464,23
285,1134355.6891941777,23
284,1134371.826080065,23
287,1134376.5719839728,23
286,1134377.947308853,23
310,1134405.7948966906,23
305,1134456.9839921657,23
304,1134484.6377939635,23
256,1135214.6972395373,23
255,1135216.4955956936,23
259,1135376.731577014,23
254,1135378.119577863,23
257,1135747.9938811236,23
258,1135754.0427387021,23
253,1136231.2713606807,23
252,1136347.4475395337,23
261,1136537.1114304408,23
263,1136540.6483970988,23
260,1136766.8343574293,23
262,1136768.0026104741,23
270,1136945.286176364,23
265,1136946.307603853,23
264,1137267.209809176,23
267,1137382.4365736747,23
271,1138061.2828062137,23
268,1138069.0531697632,23
497,1138077.983652174,23
218,1138167.537657053,23
883,1138168.0436459617,23
888,1138181.7997551172,23
897,1138221.9547654241,23
1040,1138223.0217579363,23
349,1138328.6255045694,23
353,1138360.9901502673,23
352,1138706.2462517773,23
355,1138828.9814638135,23
895,1139167.199973333,23
894,1139242.092128021,23
1073,1139242.80296828,23
534,1139362.9902791448,23
529,1139472.3514625558,23
528,1139529.6610111003,23
531,1139894.1128993875,23
198,1139902.8843337656,23
246,1139907.0116183625,23
399,1139944.9720998365,23
398,1139945.7643242723,23
241,1140056.1611317128,23
389,1140347.7725606835,23
391,1140358.99092496,23
388,1140492.767325662,23
6,1140494.2007969187,23
7,1140603.6200540408,23
14,1140650.206088373,23
9,1140670.401955721,23
8,1140680.6238317788,23
146,1140739.732849875,23
147,1140741.3509082915,23
154,1140782.5408666704,23
149,1140783.3033557537,23
24,1141178.3799902992,23
561,1141376.8667268804,23
558,1141394.3162496816,23
673,1141434.489132888,23
670,1141436.6516715176,23
671,1141561.085338372,23
676,1141564.288742043,23
677,1141608.0541700881,23
674,1141610.7725680924,23
190,1141611.3167772996,23
131,1141612.6771238074,23
130,1141613.0841729455,23
124,1141613.3204419345,23
125,1141655.1245533873,23
127,1141680.2826370727,23
103,1141706.4340852988,23
102,1141716.8536598638,23
90,1141719.2503924724,23
99,1141748.6697675113,23
98,1141749.6669006946,23
92,1141750.8629174733,23
96,1141810.1260311622,23
288,1166400.0,24
294,1166569.9027310214,24
291,1166573.3421827476,24
290,1166730.1273700173,24
285,1166758.1535576486,24
284,1166774.2904435357,24
287,1166779.0363474437,24
286,1166780.411672324,24
310,1166808.2592601615,24
305,1166859.4483556366,24
304,1166887.1021574344,24
256,1167617.1616030082,24
255,1167618.9599591645,24
259,1167779.195940485,24
254,1167780.583941334,24
257,1168150.4582445945,24
258,1168156.507102173,24
253,1168633.7357241516,24
252,1168749.9119030046,24
261,1168939.575793912,24
263,1168943.11276057,24
260,1169169.2987209004,24
262,1169170.4669739453,24
270,1169347.750539835,24
265,1169348.7719673242,24
264,1169669.674172647,24
267,1169784.9009371458,24
271,1170463.7471696849,24
268,1170471.5175332343,24
497,1170480.4480156451,24
218,1170570.002020524,24
883,1170570.5080094328,24
888,1170584.2641185883,24
897,1170624.419128895,24
1040,1170625.4861214075,24
349,1170731.0898680403,24
353,1170763.4545137384,24
352,1171108.7106293899,24
355,1171231.445841426,24
895,1171569.6643509455,24
894,1171644.5573339153,24
1073,1171645.2681741742,24
534,1171765.581650072,24
529,1171874.9428814284,24
528,1171932.2524299726,24
531,1172296.7043182598,24
198,1172305.4757526382,24
246,1172309.6030372349,24
399,1172347.563518709,24
398,1172348.3557431446,24
241,1172458.7554845584,24
389,1172750.3692615835,24
391,1172761.58762586,24
388,1172895.364026562,24
6,1172896.7974978187,24
7,1173006.2728941895,24
14,1173052.8589285216,24
9,1173073.0547958696,24
8,1173083.2766719274,24
146,1173142.3856900237,24
147,1173144.0037484402,24
154,1173185.1937068193,24
149,1173185.9561959023,24
24,1173581.032830448,24
561,1173779.519567029,24
558,1173796.9690898303,24
673,1173837.1419730366,24
141,1173839.3045116663,24
151,1173844.7197985598,24
150,1173966.9034848027,24
145,1174001.3300214233,24
655,1174005.0131931123,24
677,1174010.692977124,24
674,1174013.4113751282,24
190,1174013.9555843354,24
131,1174015.3159308431,24
130,1174015.7229799812,24
124,1174015.9592489705,24
125,1174057.763360423,24
127,1174082.9214441082,24
103,1174109.0728923345,24
102,1174119.4924668996,24
90,1174121.8891995084,24
99,1174151.308574547,24
98,1174152.3057077304,24
92,1174153.501724509,24
96,1174212.764838198,24
288,680400.0,25
294,680567.4383675505,25
291,680570.8778192765,25
290,680727.6630065463,25
285,680755.6891941779,25
284,680771.8260800649,25
287,680776.5719839727,25
286,680777.9473088532,25
310,680805.7948966905,25
305,680856.9839921658,25
304,680884.6377939637,25
256,681614.6972395373,25
255,681616.4955956936,25
259,681776.7315770142,25
254,681778.119577863,25
257,682147.9938811236,25
258,682154.0427387021,25
253,682631.2713606808,25
252,682747.4475395337,25
261,682937.111430441,25
263,682940.6483970988,25
260,683166.8343574294,25
262,683168.0026104744,25
270,683345.286176364,25
265,683346.3076038532,25
264,683667.2098091759,25
267,683782.4365736748,25
271,684461.2828062138,25
268,684469.0531697634,25
497,684477.9836521741,25
218,684567.5376570531,25
883,684568.0436459617,25
888,684581.7997551173,25
897,684621.9547654241,25
1040,684623.0217579366,25
349,684728.6255045694,25
353,684760.9901502673,25
352,685106.2462517772,25
355,685228.9814638133,25
895,685567.1999733328,25
894,685642.0921280208,25
1073,685642.8029682798,25
534,685762.9902791447,25
529,685872.3514625557,25
528,685929.6610111002,25
531,686294.1128993874,25
198,686302.8843337656,25
246,686307.0116183624,25
399,686344.9720998363,25
398,686345.7643242722,25
241,686456.1611317126,25
389,686747.7725606834,25
391,686758.9909249599,25
388,686892.767325662,25
6,686894.2007969187,25
7,687003.6200540407,25
14,687050.206088373,25
9,687070.4019557207,25
8,687080.6238317785,25
146,687139.7328498749,25
147,687141.3509082913,25
154,687182.5408666704,25
149,687183.3033557535,25
24,687578.379990299,25
561,687776.8667268803,25
558,687794.3162496815,25
673,687834.4891328877,25
670,687836.6516715175,25
671,687961.0853383718,25
676,687964.288742043,25
677,688008.054170088,25
674,688010.7725680923,25
190,688011.3167772994,25
131,688012.6771238073,25
130,688013.0841729454,25
124,688013.3204419344,25
125,688055.124553387,25
127,688080.2826370725,25
103,688106.4340852987,25
102,688116.8536598638,25
90,688119.2503924725,25
99,688148.6697675112,25
98,688149.6669006947,25
92,688150.8629174733,25
96,688210.1260311621,25
634,1020600.0,26
630,1020775.7767928946,26
636,1020835.0399065835,26
637,1020836.2359233621,26
628,1020837.2330565455,26
640,1020866.6524315842,26
641,1020869.049164193,26
665,1020879.468738758,26
663,1020905.6201869842,26
662,1020930.7782706696,26
668,1020972.5823821223,26
669,1020972.8186511114,26
728,1020973.2257002495,26
136,1020974.5860467573,26
139,1020975.1302559645,26
117,1020977.8486539688,26
683,1020983.5284379803,26
688,1020987.2116096694,26
689,1021021.6381462901,26
686,1021143.821832533,26
687,1027956.0574419813,26
692,1028351.134076527,26
685,1028351.89656561,26
684,1028393.0865239891,26
546,1028394.7045824055,26
547,1028453.8136005019,26
552,1028464.0354840533,26
545,1028484.2432975762,26
544,1028530.83986505,26
926,1028640.2604244136,26
929,1028641.6938956702,26
927,1028775.4715054854,26
779,1028786.6898697618,26
936,1029078.3091073293,26
937,1029188.7148490387,26
784,1029189.5070734745,26
736,1029227.4675549485,26
1069,1029231.5948395453,26
1066,1029240.3662739235,26
1067,1029604.849127485,26
1072,1029662.1586760293,26
535,1029771.9931672429,26
356,1029892.497436046,26
357,1029893.208276305,26
893,1029968.100430993,26
890,1030306.791536455,26
891,1030429.5290308048,26
887,1030774.7924790175,26
502,1030807.1571247154,26
359,1030912.7613499765,26
350,1030913.828342489,26
345,1030953.9833527958,26
756,1030967.7394619513,26
1035,1030968.24545086,26
806,1031057.8017852061,26
809,1031066.7322676168,26
805,1031074.5026311664,26
802,1031793.9314350997,26
803,1031909.1581995984,26
808,1032230.0604049212,26
800,1032231.0818324104,26
798,1032408.3653983001,26
801,1032409.5336513451,26
799,1032635.7196116756,26
790,1032639.2565783334,26
791,1032828.9204692408,26
796,1032945.0966480937,26
795,1033422.3252700723,26
792,1033428.3741276507,26
797,1033798.2484309115,26
793,1033799.6364317603,26
794,1033959.8724130809,26
842,1033961.6707692372,26
843,1034770.8924170176,26
848,1034798.5462188155,26
824,1034849.7353142906,26
825,1034877.5829021281,26
822,1034878.9582270085,26
823,1034883.7041309164,26
828,1034899.8410168034,26
829,1034927.8672044349,26
832,1035102.5837845089,26
826,1035107.5774956674,26
634,918132.7940081746,27
630,918298.2662269763,27
636,918357.5293406652,27
637,918358.7253574438,27
628,918359.7224906272,27
640,918389.141865666,27
641,918391.5385982747,27
665,918401.9581728398,27
663,918428.1096210659,27
662,918453.2677047513,27
668,918495.071816204,27
669,918495.3080851932,27
728,918495.7151343313,27
136,918497.075480839,27
139,918497.6196900462,27
117,918500.3380880505,27
683,918506.017872062,27
688,918509.7010437511,27
689,918544.1275803718,27
686,918666.3112666147,27
687,922164.2072594287,27
692,922559.2838939741,27
685,922560.0463830573,27
684,922601.2363414363,27
546,922602.8543998528,27
547,922661.963417949,27
552,922672.1859067681,27
545,922692.4318027106,27
544,922739.1124997254,27
926,922848.5317738983,27
929,922849.9652451549,27
927,922983.7520321031,27
779,922994.9703963797,27
936,923286.5830456397,27
937,923396.9798530802,27
784,923397.772077516,27
736,923435.73255899,27
1069,923439.8598435868,27
1066,923448.631277965,27
913,923815.16548444,27
910,923819.0960138264,27
911,923865.9155002485,27
1072,923872.5036706587,27
535,923982.7002871318,27
356,924104.3388475917,27
357,924105.0496878506,27
893,924179.9418425387,27
890,924521.2300440383,27
891,924644.0802588235,27
887,924989.5762301981,27
502,925021.9408758961,27
359,925127.544622529,27
350,925128.6116150414,27
345,925168.7666253482,27
756,925182.5227345037,27
1035,925183.0287234124,27
806,925272.5827282913,27
809,925281.5132107021,27
805,925289.2835742517,27
802,926002.1390253683,27
803,926117.7511301661,27
808,926438.6533354889,27
800,926439.674762978,27
798,926616.9583288677,27
801,926618.1265819126,27
799,926844.3125422433,27
790,926847.849508901,27
791,927037.5133998083,27
796,927153.6895786612,27
795,927630.91820064,27
792,927636.9670582185,27
797,928006.8413614791,27
793,928008.229362328,27
794,928168.4653436486,27
842,928170.2636998049,27
843,928964.7611517847,27
848,928998.1280995954,27
824,929056.9301031645,27
825,929088.9166817431,27
822,929090.5494523476,27
823,929096.2465263571,27
828,929116.3696842296,27
829,929154.2228292138,27
832,929556.674741082,27
826,929563.0322755727,27
634,1166400.0,28
630,1166595.9961641529,28
636,1166656.0116003,28
637,1166657.2076170784,28
628,1166658.204750262,28
640,1166687.6241253007,28
641,1166690.0208579095,28
665,1166700.4404324745,28
663,1166726.5918807006,28
662,1166751.749964386,28
668,1166793.5540758388,28
669,1166793.7903448278,28
728,1166794.197393966,28
136,1166795.5577404737,28
139,1166796.1019496808,28
117,1166798.8203476851,28
683,1166804.5001316967,28
688,1166808.1833033857,28
689,1166842.6098400066,28
686,1166964.7935262495,28
687,1173762.2685000063,28
692,1174159.8998318664,28
685,1174160.6671223994,28
684,1174202.143190247,28
546,1174203.7613113462,28
547,1174263.069767634,28
552,1174273.587345628,28
545,1174294.9530248553,28
544,1174346.7618454648,28
926,1174469.4138044938,28
929,1174470.9581224907,28
927,1174607.5756733157,28
779,1174619.0623900709,28
936,1174913.5789910941,28
937,1175024.8855515867,28
784,1175025.6777760226,28
736,1175063.6382574965,28
1069,1175067.7655420934,28
1066,1175076.5369764715,28
1067,1175452.9837684955,28
1072,1175521.493603647,28
535,1175667.5763664655,28
356,1175864.444378154,28
357,1175865.6178816704,28
893,1175971.2263834984,28
890,1176426.050322883,28
891,1176603.8109532304,28
887,1177092.421169062,28
502,1177138.7472375832,28
359,1177287.953887104,28
350,1177289.4834102092,28
345,1177345.011344117,28
756,1177363.1126447981,28
1035,1177363.7714259208,28
806,1177480.1831190041,28
809,1177492.3203340129,28
805,1177502.9778919315,28
802,1178921.3796167872,28
803,1179087.040979799,28
808,1179488.411249084,28
800,1179489.4932869696,28
798,1179695.2372748405,28
801,1179696.6377920292,28
799,1179969.0684063823,28
790,1179973.5231094612,28
791,1180218.1251653116,28
796,1180377.8736530128,28
795,1181010.2685058431,28
792,1181017.6543741545,28
797,1181495.8565832588,28
793,1181497.6908410268,28
794,1181706.1790582612,28
842,1181708.5084275606,28
843,1183671.7891099574,28
848,1183719.5807885677,28
824,1183812.733084891,28
825,1183864.4926258246,28
822,1183866.996539181,28
823,1183875.545456121,28
828,1183903.6453710655,28
829,1183949.863360461,28
832,1184473.4362269575,28
826,1184500.6682523445,28
634,1247400.0,29
630,1247575.7767928946,29
636,1247635.0399065835,29
637,1247636.235923362,29
628,1247637.2330565455,29
640,1247666.6524315842,29
641,1247669.049164193,29
665,1247679.468738758,29
663,1247705.6201869843,29
662,1247730.7782706697,29
668,1247772.5823821223,29
669,1247772.8186511113,29
728,1247773.2257002494,29
136,1247774.5860467574,29
139,1247775.1302559644,29
117,1247777.8486539687,29
683,1247783.5284379802,29
688,1247787.2116096693,29
689,1247821.63814629,29
686,1247943.821832533,29
687,1254756.0574419813,29
692,1255151.1340765269,29
685,1255151.8965656098,29
684,1255193.086523989,29
546,1255194.7045824055,29
547,1255253.8136005017,29
552,1255264.0354840532,29
545,1255284.243297576,29
544,1255330.83986505,29
926,1255440.2604244135,29
929,1255441.6938956701,29
927,1255575.4715054852,29
779,1255586.6898697617,29
936,1255878.3091073292,29
937,1255988.7148490385,29
784,1255989.5070734743,29
736,1256027.4675549483,29
1069,1256031.5948395452,29
1066,1256040.3662739233,29
1067,1256404.8491274847,29
1072,1256462.1586760292,29
535,1256571.9931672427,29
356,1256692.497436046,29
357,1256693.2082763049,29
893,1256768.100430993,29
890,1257106.791536455,29
891,1257229.5290308048,29
887,1257574.7924790175,29
502,1257607.1571247154,29
359,1257712.7613499765,29
350,1257713.828342489,29
345,1257753.9833527957,29
756,1257767.7394619514,29
1035,1257768.24545086,29
806,1257857.801785206,29
809,1257866.7322676168,29
805,1257874.5026311665,29
802,1258593.9314350998,29
803,1258709.1581995985,29
808,1259030.0604049212,29
800,1259031.0818324103,29
798,1259208.3653983,29
801,1259209.533651345,29
799,1259435.7196116757,29
790,1259439.2565783334,29
791,1259628.9204692408,29
796,1259745.0966480938,29
795,1260222.325270072,29
792,1260228.3741276506,29
797,1260598.2484309112,29
793,1260599.6364317602,29
794,1260759.8724130807,29
842,1260761.6707692372,29
843,1261570.8924170174,29
848,1261598.5462188155,29
824,1261649.7353142905,29
825,1261677.5829021279,29
822,1261678.9582270083,29
823,1261683.7041309162,29
828,1261699.8410168032,29
829,1261727.8672044347,29
832,1261902.5837845088,29
826,1261907.5774956674,29
634,777600.0,30
630,777797.9195284297,30
636,777858.0468146538,30
637,777859.2428314325,30
628,777860.2399646159,30
640,777889.6593396546,30
641,777892.0560722634,30
665,777902.4756468284,30
663,777928.6270950546,30
662,777953.78517874,30
668,777995.5914361704,30
669,777995.8277051596,30
728,777996.2347542976,30
136,777997.5951008054,30
139,777998.1393100126,30
117,778000.8577080169,30
683,778006.5374920284,30
688,778010.2206637175,30
689,778044.6477648618,30
686,778166.8314511047,30
687,784962.2656408508,30
692,785360.1266945788,30
685,785360.8947131992,30
684,785402.4280662693,30
546,785404.0486043242,30
547,785463.3692484169,30
552,785473.8962810657,30
545,785495.2903774073,30
544,785547.2162288346,30
926,785670.2926268002,30
929,785671.8426796646,30
927,785808.5299493434,30
779,785820.0223754542,30
936,786114.4731227107,30
937,786225.4651590197,30
784,786226.2573834554,30
736,786264.2249241,30
1069,786268.3522086968,30
1066,786277.123643075,30
1067,786671.4794570942,30
1072,786742.6878467626,30
535,786879.6752321183,30
356,787035.673656285,30
357,787036.5555734697,30
893,787119.5409719411,30
890,787482.4071165462,30
891,787611.7471671456,30
887,787971.2349305082,30
502,788004.9175139082,30
359,788113.3291546076,30
350,788114.429534609,30
345,788155.0686710008,30
756,788168.8247801563,30
1035,788169.3307690648,30
806,788259.4495795894,30
809,788268.6026396634,30
805,788276.5964876388,30
802,789152.1351985133,30
803,789277.6433548429,30
808,789605.8741853477,30
800,789606.8956128369,30
798,789787.798117663,30
801,789788.9663785758,30
799,790015.4211943712,30
790,790018.958161029,30
791,790208.9839138633,30
796,790327.0887638034,30
795,790805.9109057141,30
792,790811.9597632927,30
797,791183.9020804587,30
793,791185.2900813075,30
794,791345.5260626281,30
842,791347.3244187845,30
843,792442.9499642944,30
848,792478.1555162289,30
824,792543.4346276037,30
825,792578.6715879795,30
822,792580.3859103465,30
823,792586.2656006408,30
828,792605.860220481,30
829,792638.7336945982,30
832,792872.432565537,30
826,792881.8754942918,30
288,907200.0,31
294,907371.2393905459,31
291,907374.678842272,31
290,907531.4640295418,31
285,907559.4902171732,31
284,907575.6271030604,31
287,907580.3730069682,31
286,907581.7483318485,31
310,907609.595919686,31
305,907660.7850151611,31
304,907688.438816959,31
256,908418.4982625326,31
255,908420.2966186891,31
259,908580.5326000096,31
254,908581.9206008584,31
257,908951.7949041191,31
258,908957.8437616976,31
253,909435.0723836762,31
252,909551.2485625292,31
261,909740.9124534364,31
263,909744.4494200943,31
260,909970.6353804248,31
262,909971.8036334697,31
270,910149.0871993594,31
265,910150.1086268487,31
264,910471.0108321714,31
267,910586.2375966702,31
271,911265.0838292092,31
268,911272.8541927588,31
497,911281.7846751696,31
218,911371.3386800486,31
883,911371.8446689572,31
888,911385.6007781127,31
897,911425.7557884196,31
1040,911426.822780932,31
349,911532.4310681967,31
353,911564.7957138947,31
352,911910.3455281077,31
355,912033.6268835533,31
895,912372.3844803298,31
894,912447.3464322124,31
1073,912448.0627493092,31
534,912574.3120604377,31
529,912683.6817586726,31
528,912740.9913727017,31
531,913105.443437589,31
198,913114.2148719671,31
246,913118.342156564,31
399,913156.302638038,31
398,913157.0948624738,31
241,913267.4919252916,31
389,913559.1036467366,31
391,913570.322011013,31
388,913704.0984117151,31
6,913705.5318829718,31
7,913814.9859227926,31
14,913861.5719571249,31
9,913881.7678244726,31
8,913891.9897005304,31
146,913951.0987186268,31
147,913952.7167770432,31
154,913993.9067354223,31
149,913994.6692245053,31
24,914389.7458590509,31
561,914588.2325956322,31
558,914605.6821184334,31
673,914645.8550016396,31
670,914648.0175402694,31
671,914772.4512071237,31
676,914775.6546107949,31
677,914819.4200388398,31
674,914822.1384368441,31
190,914822.6826460513,31
131,914824.0429925591,31
130,914824.4500416971,31
124,914824.6863106863,31
125,914866.490422139,31
127,914891.6485058244,31
103,914917.7999540506,31
102,914928.2195286157,31
90,914930.6162612244,31
99,914960.0358125477,31
98,914961.0329457311,31
92,914962.2289625097,31
96,915021.4920761985,31
