Train_ID,Train_Type,Locomotive_ID,Locomotive_Type,Origin_ID,Destination_ID,Cars_Loaded,Cars_Empty,Containers_Loaded,Containers_Empty,Departure_SOC_J,Departure_Time_Planned_Hr,Arrival_Time_Planned_Hr,Refuel_Start_Time_Planned_Hr,Refuel_End_Time_Planned_Hr,Departure_Time_Actual_Hr,Arrival_Time_Actual_Hr
1,Intermodal,1000,Diesel_Large,Allouez,Hibbing,78.0,4.0,156.0,8.0,828691080000.0,11.2,19.82886109688957,19.82886109688957,19.834051648345397,11.2,19.764577468776803
6,Intermodal,1000,Diesel_Large,Hibbing,Allouez,82.0,0.0,164.0,0.0,828691080000.0,33.599999999999994,42.25489395178539,42.25489395178539,42.256248816940776,33.599999999999994,38.48680811811437
9,Intermodal,1000,Diesel_Large,Allouez,Hibbing,79.0,3.0,158.0,6.0,828691080000.0,56.0,64.62894215789261,64.62894215789261,64.63420044499418,56.0,64.56527891799276
14,Intermodal,1000,Diesel_Large,Hibbing,Allouez,82.0,0.0,164.0,0.0,828691080000.0,78.39999999999999,87.05489395178536,87.05489395178536,87.05624881694075,78.39999999999998,83.28680811811434
17,Intermodal,1000,Diesel_Large,Allouez,Hibbing,79.0,4.0,158.0,8.0,828691080000.0,100.8,109.42992677939098,109.42992677939098,109.43522869574751,100.8,109.36477737539612
22,Manifest,1000,Diesel_Large,Hibbing,Allouez,48.0,40.0,0.0,0.0,828691080000.0,123.19999999999999,131.89140601781713,131.89140601781713,131.8985147592692,123.19999999999999,128.1181750828661
25,Manifest,1000,Diesel_Large,Allouez,Hibbing,60.0,28.0,0.0,0.0,828691080000.0,145.6,154.5379532267891,154.5379532267891,154.56496832140584,145.6,154.42436455304136
30,Manifest,1000,Diesel_Large,Hibbing,Allouez,48.0,41.0,0.0,0.0,828691080000.0,168.0,176.69181921245436,176.69181921245436,176.6989571376684,168.0,172.91784600360157
33,Manifest,1000,Diesel_Large,Allouez,Hibbing,59.0,29.0,0.0,0.0,828691080000.0,190.39999999999998,199.16842541855078,199.16842541855078,199.18955070136977,190.39999999999998,199.11211653243353
38,Manifest,1000,Diesel_Large,Hibbing,Allouez,48.0,40.0,0.0,0.0,828691080000.0,212.79999999999998,221.49140601781713,221.49140601781713,221.4985147592692,212.79999999999995,217.71817508286605
41,Manifest,1000,Diesel_Large,Allouez,Hibbing,60.0,29.0,0.0,0.0,828691080000.0,235.2,244.1438538096243,244.1438538096243,244.17096208193806,235.2,244.027734008412
46,Manifest,1000,Diesel_Large,Hibbing,Allouez,48.0,41.0,0.0,0.0,828691080000.0,257.59999999999997,266.29181921245436,266.29181921245436,266.29895713766837,257.59999999999997,262.51784600360156
49,Manifest,1000,Diesel_Large,Allouez,Hibbing,60.0,29.0,0.0,0.0,828691080000.0,280.0,288.779958863868,288.779958863868,288.80135892333,280.0,288.7210511053792
54,Manifest,1000,Diesel_Large,Hibbing,Allouez,48.0,40.0,0.0,0.0,828691080000.0,302.4,311.0914060178171,311.0914060178171,311.09851475926916,302.4,307.3181750828661
57,Unit,1000,Diesel_Large,Allouez,Hibbing,43.0,45.0,0.0,0.0,828691080000.0,324.79999999999995,333.4783924016658,333.4783924016658,333.4972262555116,324.79999999999995,331.63241931529785
62,Unit,1000,Diesel_Large,Hibbing,Allouez,44.0,44.0,0.0,0.0,828691080000.0,347.2,355.8510321454235,355.8510321454235,355.8548019907439,347.2,351.91173170575695
65,Unit,1000,Diesel_Large,Allouez,Hibbing,43.0,44.0,0.0,0.0,828691080000.0,369.59999999999997,378.2775624568811,378.2775624568811,378.29624765859745,369.5999999999999,376.432390781067
70,Unit,1000,Diesel_Large,Hibbing,Allouez,45.0,43.0,0.0,0.0,828691080000.0,392.0,400.6506014632186,400.6506014632186,400.65437565808634,392.0,396.7114240756106
73,Unit,1000,Diesel_Large,Allouez,Hibbing,44.0,44.0,0.0,0.0,828691080000.0,414.4,423.0823218765128,423.0823218765128,423.10135973038,414.4,421.23311350770894
78,Unit,1000,Diesel_Large,Hibbing,Allouez,45.0,43.0,0.0,0.0,828691080000.0,436.79999999999995,445.45060146321856,445.45060146321856,445.4543756580863,436.79999999999995,441.51142407561053
81,Unit,1000,Diesel_Large,Allouez,Hibbing,43.0,44.0,0.0,0.0,828691080000.0,459.2,467.87756245688115,467.87756245688115,467.8962476585975,459.2,466.03239735321625
86,Unit,1000,Diesel_Large,Hibbing,Allouez,45.0,43.0,0.0,0.0,828691080000.0,481.59999999999997,490.2506014632186,490.2506014632186,490.2543756580863,481.5999999999999,486.3114240756105
89,Unit,1000,Diesel_Large,Allouez,Hibbing,43.0,44.0,0.0,0.0,828691080000.0,503.99999999999994,512.6775624568811,512.6775624568811,512.6962476585974,503.99999999999994,510.83239078106703
1,Intermodal,1001,BEL,Allouez,Hibbing,78.0,4.0,156.0,8.0,8208000000.0,11.2,19.82886109688957,19.82886109688957,20.708863400889573,11.2,19.764577468776803
6,Intermodal,1001,BEL,Hibbing,Allouez,82.0,0.0,164.0,0.0,2808004319.996545,33.599999999999994,42.25489395178539,42.25489395178539,44.20563826176454,33.599999999999994,38.48680811811437
9,Intermodal,1001,BEL,Allouez,Hibbing,79.0,3.0,158.0,6.0,8208000000.0,56.0,64.62894215789261,64.62894215789261,65.50894446189261,56.0,64.56527891799276
14,Intermodal,1001,BEL,Hibbing,Allouez,82.0,0.0,164.0,0.0,2808004319.996545,78.39999999999999,87.05489395178536,87.05489395178536,89.0056382617645,78.39999999999998,83.28680811811434
17,Intermodal,1001,BEL,Allouez,Hibbing,79.0,4.0,158.0,8.0,8208000000.0,100.8,109.42992677939098,109.42992677939098,110.30992908339098,100.8,109.36477737539612
22,Manifest,1001,BEL,Hibbing,Allouez,48.0,40.0,0.0,0.0,2808004319.996545,123.19999999999999,131.89140601781713,131.89140601781713,134.77140832181712,123.19999999999999,128.1181750828661
25,Manifest,1001,BEL,Allouez,Hibbing,60.0,28.0,0.0,0.0,8208000000.0,145.6,154.5379532267891,154.5379532267891,155.4179555307891,145.6,154.42436455304136
30,Manifest,1001,BEL,Hibbing,Allouez,48.0,41.0,0.0,0.0,2808004319.996545,168.0,176.69181921245436,176.69181921245436,179.57182151645435,168.0,172.91784600360157
33,Manifest,1001,BEL,Allouez,Hibbing,59.0,29.0,0.0,0.0,8208000000.0,190.39999999999998,199.16842541855078,199.16842541855078,200.04842772255077,190.39999999999998,199.11211653243353
38,Manifest,1001,BEL,Hibbing,Allouez,48.0,40.0,0.0,0.0,2808004319.996545,212.79999999999998,221.49140601781713,221.49140601781713,224.3714083218171,212.79999999999995,217.71817508286605
41,Manifest,1001,BEL,Allouez,Hibbing,60.0,29.0,0.0,0.0,8208000000.0,235.2,244.1438538096243,244.1438538096243,245.02385611362428,235.2,244.027734008412
46,Manifest,1001,BEL,Hibbing,Allouez,48.0,41.0,0.0,0.0,2808004319.996545,257.59999999999997,266.29181921245436,266.29181921245436,269.1718215164544,257.59999999999997,262.51784600360156
49,Manifest,1001,BEL,Allouez,Hibbing,60.0,29.0,0.0,0.0,8208000000.0,280.0,288.779958863868,288.779958863868,289.659961167868,280.0,288.7210511053792
54,Manifest,1001,BEL,Hibbing,Allouez,48.0,40.0,0.0,0.0,2808004319.996545,302.4,311.0914060178171,311.0914060178171,313.97140832181714,302.4,307.3181750828661
57,Unit,1001,BEL,Allouez,Hibbing,43.0,45.0,0.0,0.0,8208000000.0,324.79999999999995,333.4783924016658,333.4783924016658,334.35839470566583,324.79999999999995,331.63241931529785
62,Unit,1001,BEL,Hibbing,Allouez,44.0,44.0,0.0,0.0,2808004319.996545,347.2,355.8510321454235,355.8510321454235,358.73103444942353,347.2,351.91173170575695
65,Unit,1001,BEL,Allouez,Hibbing,43.0,44.0,0.0,0.0,8208000000.0,369.59999999999997,378.2775624568811,378.2775624568811,379.15756476088114,369.5999999999999,376.432390781067
70,Unit,1001,BEL,Hibbing,Allouez,45.0,43.0,0.0,0.0,2808004319.996545,392.0,400.6506014632186,400.6506014632186,403.5306037672186,392.0,396.7114240756106
73,Unit,1001,BEL,Allouez,Hibbing,44.0,44.0,0.0,0.0,8208000000.0,414.4,423.0823218765128,423.0823218765128,423.96232418051284,414.4,421.23311350770894
78,Unit,1001,BEL,Hibbing,Allouez,45.0,43.0,0.0,0.0,2808004319.996545,436.79999999999995,445.45060146321856,445.45060146321856,448.3306037672186,436.79999999999995,441.51142407561053
81,Unit,1001,BEL,Allouez,Hibbing,43.0,44.0,0.0,0.0,8208000000.0,459.2,467.87756245688115,467.87756245688115,468.75756476088117,459.2,466.03239735321625
86,Unit,1001,BEL,Hibbing,Allouez,45.0,43.0,0.0,0.0,2808004319.996545,481.59999999999997,490.2506014632186,490.2506014632186,493.1306037672186,481.5999999999999,486.3114240756105
89,Unit,1001,BEL,Allouez,Hibbing,43.0,44.0,0.0,0.0,8208000000.0,503.99999999999994,512.6775624568811,512.6775624568811,513.5575647608811,503.99999999999994,510.83239078106703
1,Intermodal,1002,Diesel_Large,Allouez,Hibbing,78.0,4.0,156.0,8.0,828691080000.0,11.2,19.82886109688957,19.82886109688957,19.834051648345397,11.2,19.764577468776803
6,Intermodal,1002,Diesel_Large,Hibbing,Allouez,82.0,0.0,164.0,0.0,828691080000.0,33.599999999999994,42.25489395178539,42.25489395178539,42.256248816940776,33.599999999999994,38.48680811811437
9,Intermodal,1002,Diesel_Large,Allouez,Hibbing,79.0,3.0,158.0,6.0,828691080000.0,56.0,64.62894215789261,64.62894215789261,64.63420044499418,56.0,64.56527891799276
14,Intermodal,1002,Diesel_Large,Hibbing,Allouez,82.0,0.0,164.0,0.0,828691080000.0,78.39999999999999,87.05489395178536,87.05489395178536,87.05624881694075,78.39999999999998,83.28680811811434
17,Intermodal,1002,Diesel_Large,Allouez,Hibbing,79.0,4.0,158.0,8.0,828691080000.0,100.8,109.42992677939098,109.42992677939098,109.43522869574751,100.8,109.36477737539612
22,Manifest,1002,Diesel_Large,Hibbing,Allouez,48.0,40.0,0.0,0.0,828691080000.0,123.19999999999999,131.89140601781713,131.89140601781713,131.8985147592692,123.19999999999999,128.1181750828661
25,Manifest,1002,Diesel_Large,Allouez,Hibbing,60.0,28.0,0.0,0.0,828691080000.0,145.6,154.5379532267891,154.5379532267891,154.56496832140584,145.6,154.42436455304136
30,Manifest,1002,Diesel_Large,Hibbing,Allouez,48.0,41.0,0.0,0.0,828691080000.0,168.0,176.69181921245436,176.69181921245436,176.6989571376684,168.0,172.91784600360157
33,Manifest,1002,Diesel_Large,Allouez,Hibbing,59.0,29.0,0.0,0.0,828691080000.0,190.39999999999998,199.16842541855078,199.16842541855078,199.18955070136977,190.39999999999998,199.11211653243353
38,Manifest,1002,Diesel_Large,Hibbing,Allouez,48.0,40.0,0.0,0.0,828691080000.0,212.79999999999998,221.49140601781713,221.49140601781713,221.4985147592692,212.79999999999995,217.71817508286605
41,Manifest,1002,Diesel_Large,Allouez,Hibbing,60.0,29.0,0.0,0.0,828691080000.0,235.2,244.1438538096243,244.1438538096243,244.17096208193806,235.2,244.027734008412
46,Manifest,1002,Diesel_Large,Hibbing,Allouez,48.0,41.0,0.0,0.0,828691080000.0,257.59999999999997,266.29181921245436,266.29181921245436,266.29895713766837,257.59999999999997,262.51784600360156
49,Manifest,1002,Diesel_Large,Allouez,Hibbing,60.0,29.0,0.0,0.0,828691080000.0,280.0,288.779958863868,288.779958863868,288.80135892333,280.0,288.7210511053792
54,Manifest,1002,Diesel_Large,Hibbing,Allouez,48.0,40.0,0.0,0.0,828691080000.0,302.4,311.0914060178171,311.0914060178171,311.09851475926916,302.4,307.3181750828661
57,Unit,1002,Diesel_Large,Allouez,Hibbing,43.0,45.0,0.0,0.0,828691080000.0,324.79999999999995,333.4783924016658,333.4783924016658,333.4972262555116,324.79999999999995,331.63241931529785
62,Unit,1002,Diesel_Large,Hibbing,Allouez,44.0,44.0,0.0,0.0,828691080000.0,347.2,355.8510321454235,355.8510321454235,355.8548019907439,347.2,351.91173170575695
65,Unit,1002,Diesel_Large,Allouez,Hibbing,43.0,44.0,0.0,0.0,828691080000.0,369.59999999999997,378.2775624568811,378.2775624568811,378.29624765859745,369.5999999999999,376.432390781067
70,Unit,1002,Diesel_Large,Hibbing,Allouez,45.0,43.0,0.0,0.0,828691080000.0,392.0,400.6506014632186,400.6506014632186,400.65437565808634,392.0,396.7114240756106
73,Unit,1002,Diesel_Large,Allouez,Hibbing,44.0,44.0,0.0,0.0,828691080000.0,414.4,423.0823218765128,423.0823218765128,423.10135973038,414.4,421.23311350770894
78,Unit,1002,Diesel_Large,Hibbing,Allouez,45.0,43.0,0.0,0.0,828691080000.0,436.79999999999995,445.45060146321856,445.45060146321856,445.4543756580863,436.79999999999995,441.51142407561053
81,Unit,1002,Diesel_Large,Allouez,Hibbing,43.0,44.0,0.0,0.0,828691080000.0,459.2,467.87756245688115,467.87756245688115,467.8962476585975,459.2,466.03239735321625
86,Unit,1002,Diesel_Large,Hibbing,Allouez,45.0,43.0,0.0,0.0,828691080000.0,481.59999999999997,490.2506014632186,490.2506014632186,490.2543756580863,481.5999999999999,486.3114240756105
89,Unit,1002,Diesel_Large,Allouez,Hibbing,43.0,44.0,0.0,0.0,828691080000.0,503.99999999999994,512.6775624568811,512.6775624568811,512.6962476585974,503.99999999999994,510.83239078106703
1,Intermodal,1003,BEL,Allouez,Hibbing,78.0,4.0,156.0,8.0,8208000000.0,11.2,19.82886109688957,19.82886109688957,20.708863400889573,11.2,19.764577468776803
6,Intermodal,1003,BEL,Hibbing,Allouez,82.0,0.0,164.0,0.0,2808004319.996545,33.599999999999994,42.25489395178539,42.25489395178539,44.20563826176454,33.599999999999994,38.48680811811437
9,Intermodal,1003,BEL,Allouez,Hibbing,79.0,3.0,158.0,6.0,8208000000.0,56.0,64.62894215789261,64.62894215789261,65.50894446189261,56.0,64.56527891799276
14,Intermodal,1003,BEL,Hibbing,Allouez,82.0,0.0,164.0,0.0,2808004319.996545,78.39999999999999,87.05489395178536,87.05489395178536,89.0056382617645,78.39999999999998,83.28680811811434
17,Intermodal,1003,BEL,Allouez,Hibbing,79.0,4.0,158.0,8.0,8208000000.0,100.8,109.42992677939098,109.42992677939098,110.30992908339098,100.8,109.36477737539612
24,Manifest,1003,BEL,Hibbing,Allouez,48.0,41.0,0.0,0.0,2808004319.996545,134.39999999999998,143.0851668469145,143.0851668469145,145.96516915091448,134.39999999999998,139.30989456686166
27,Manifest,1003,BEL,Allouez,Hibbing,60.0,29.0,0.0,0.0,8208000000.0,156.79999999999998,165.74385380962428,165.74385380962428,166.62385611362427,156.79999999999995,165.58267410225304
32,Manifest,1003,BEL,Hibbing,Allouez,48.0,41.0,0.0,0.0,2808004319.996545,179.2,187.88516684691447,187.88516684691447,190.76516915091446,179.2,184.10989456686164
35,Manifest,1003,BEL,Allouez,Hibbing,60.0,29.0,0.0,0.0,8208000000.0,201.6,210.5438538096243,210.5438538096243,211.42385611362428,201.6,210.3823762121693
40,Manifest,1003,BEL,Hibbing,Allouez,48.0,41.0,0.0,0.0,2808004319.996545,224.0,232.68516684691448,232.68516684691448,235.56516915091447,224.0,228.90989456686165
43,Manifest,1003,BEL,Allouez,Hibbing,59.0,29.0,0.0,0.0,8208000000.0,246.39999999999998,255.3223279619846,255.3223279619846,256.2023302659846,246.39999999999998,255.16923897710706
48,Manifest,1003,BEL,Hibbing,Allouez,48.0,41.0,0.0,0.0,2808004319.996545,268.79999999999995,277.48516684691447,277.48516684691447,280.3651691509145,268.79999999999995,273.70989456686164
51,Manifest,1003,BEL,Allouez,Hibbing,60.0,29.0,0.0,0.0,8208000000.0,291.2,300.1438538096245,300.1438538096245,301.0238561136245,291.2,299.98237621216936
56,Unit,1003,BEL,Hibbing,Allouez,44.0,43.0,0.0,0.0,2808004319.996545,313.59999999999997,322.24925390750764,322.24925390750764,325.12925621150765,313.5999999999999,318.3109047806008
59,Unit,1003,BEL,Allouez,Hibbing,43.0,44.0,0.0,0.0,8208000000.0,336.0,344.67756245688116,344.67756245688116,345.5575647608812,336.0,342.83282500896445
64,Unit,1003,BEL,Hibbing,Allouez,44.0,43.0,0.0,0.0,2808004319.996545,358.4,367.04925390750765,367.04925390750765,369.92925621150766,358.4,363.1109047806009
67,Unit,1003,BEL,Allouez,Hibbing,44.0,44.0,0.0,0.0,8208000000.0,380.79999999999995,389.4823218765128,389.4823218765128,390.3623241805128,380.79999999999995,387.6335102303355
72,Unit,1003,BEL,Hibbing,Allouez,44.0,43.0,0.0,0.0,2808004319.996545,403.2,411.84925390750766,411.84925390750766,414.7292562115077,403.2,407.9109047806009
75,Unit,1003,BEL,Allouez,Hibbing,43.0,44.0,0.0,0.0,8208000000.0,425.59999999999997,434.2775624568811,434.2775624568811,435.15756476088114,425.5999999999999,432.4328165312565
80,Unit,1003,BEL,Hibbing,Allouez,44.0,43.0,0.0,0.0,2808004319.996545,448.0,456.64925390750767,456.64925390750767,459.5292562115077,448.0,452.71090478060086
83,Unit,1003,BEL,Allouez,Hibbing,43.0,45.0,0.0,0.0,8208000000.0,470.4,479.07839240166584,479.07839240166584,479.95839470566585,470.4,477.2328160379246
88,Unit,1003,BEL,Hibbing,Allouez,45.0,43.0,0.0,0.0,2808004319.996545,492.79999999999995,501.45060146321856,501.45060146321856,504.3306037672186,492.79999999999995,497.51142407561053
1,Intermodal,1004,Diesel_Large,Allouez,Hibbing,78.0,4.0,156.0,8.0,828691080000.0,11.2,19.82886109688957,19.834051648345397,19.839242199801223,11.2,19.764577468776803
6,Intermodal,1004,Diesel_Large,Hibbing,Allouez,82.0,0.0,164.0,0.0,828691080000.0,33.599999999999994,42.25489395178539,42.256248816940776,42.25760368209616,33.599999999999994,38.48680811811437
9,Intermodal,1004,Diesel_Large,Allouez,Hibbing,79.0,3.0,158.0,6.0,828691080000.0,56.0,64.62894215789261,64.63420044499418,64.63945873209575,56.0,64.56527891799276
14,Intermodal,1004,Diesel_Large,Hibbing,Allouez,82.0,0.0,164.0,0.0,828691080000.0,78.39999999999999,87.05489395178536,87.05624881694075,87.05760368209614,78.39999999999998,83.28680811811434
17,Intermodal,1004,Diesel_Large,Allouez,Hibbing,79.0,4.0,158.0,8.0,828691080000.0,100.8,109.42992677939098,109.43522869574751,109.44053061210404,100.8,109.36477737539612
24,Manifest,1004,Diesel_Large,Hibbing,Allouez,48.0,41.0,0.0,0.0,828691080000.0,134.39999999999998,143.0851668469145,143.0851668469145,143.09080212795396,134.39999999999998,139.30989456686166
27,Manifest,1004,Diesel_Large,Allouez,Hibbing,60.0,29.0,0.0,0.0,828691080000.0,156.79999999999998,165.74385380962428,165.74385380962428,165.77096208193805,156.79999999999995,165.58267410225304
32,Manifest,1004,Diesel_Large,Hibbing,Allouez,48.0,41.0,0.0,0.0,828691080000.0,179.2,187.88516684691447,187.88516684691447,187.89080212795395,179.2,184.10989456686164
35,Manifest,1004,Diesel_Large,Allouez,Hibbing,60.0,29.0,0.0,0.0,828691080000.0,201.6,210.5438538096243,210.5438538096243,210.57096208193806,201.6,210.3823762121693
40,Manifest,1004,Diesel_Large,Hibbing,Allouez,48.0,41.0,0.0,0.0,828691080000.0,224.0,232.68516684691448,232.68516684691448,232.69080212795396,224.0,228.90989456686165
43,Manifest,1004,Diesel_Large,Allouez,Hibbing,59.0,29.0,0.0,0.0,828691080000.0,246.39999999999998,255.3223279619846,255.3223279619846,255.3490435727763,246.39999999999998,255.16923897710706
48,Manifest,1004,Diesel_Large,Hibbing,Allouez,48.0,41.0,0.0,0.0,828691080000.0,268.79999999999995,277.48516684691447,277.48516684691447,277.49080212795394,268.79999999999995,273.70989456686164
51,Manifest,1004,Diesel_Large,Allouez,Hibbing,60.0,29.0,0.0,0.0,828691080000.0,291.2,300.1438538096245,300.1438538096245,300.1709620819382,291.2,299.98237621216936
56,Unit,1004,Diesel_Large,Hibbing,Allouez,44.0,43.0,0.0,0.0,828691080000.0,313.59999999999997,322.24925390750764,322.24925390750764,322.25298017226856,313.5999999999999,318.3109047806008
59,Unit,1004,Diesel_Large,Allouez,Hibbing,43.0,44.0,0.0,0.0,828691080000.0,336.0,344.67756245688116,344.67756245688116,344.6962476585975,336.0,342.83282500896445
64,Unit,1004,Diesel_Large,Hibbing,Allouez,44.0,43.0,0.0,0.0,828691080000.0,358.4,367.04925390750765,367.04925390750765,367.0529801722686,358.4,363.1109047806009
67,Unit,1004,Diesel_Large,Allouez,Hibbing,44.0,44.0,0.0,0.0,828691080000.0,380.79999999999995,389.4823218765128,389.4823218765128,389.50135973038,380.79999999999995,387.6335102303355
72,Unit,1004,Diesel_Large,Hibbing,Allouez,44.0,43.0,0.0,0.0,828691080000.0,403.2,411.84925390750766,411.84925390750766,411.8529801722686,403.2,407.9109047806009
75,Unit,1004,Diesel_Large,Allouez,Hibbing,43.0,44.0,0.0,0.0,828691080000.0,425.59999999999997,434.2775624568811,434.2775624568811,434.29624765859745,425.5999999999999,432.4328165312565
80,Unit,1004,Diesel_Large,Hibbing,Allouez,44.0,43.0,0.0,0.0,828691080000.0,448.0,456.64925390750767,456.64925390750767,456.6529801722686,448.0,452.71090478060086
83,Unit,1004,Diesel_Large,Allouez,Hibbing,43.0,45.0,0.0,0.0,828691080000.0,470.4,479.07839240166584,479.07839240166584,479.0972262555116,470.4,477.2328160379246
88,Unit,1004,Diesel_Large,Hibbing,Allouez,45.0,43.0,0.0,0.0,828691080000.0,492.79999999999995,501.45060146321856,501.45060146321856,501.4543756580863,492.79999999999995,497.51142407561053
1,Intermodal,1005,BEL,Allouez,Hibbing,78.0,4.0,156.0,8.0,8208000000.0,11.2,19.82886109688957,20.708863400889573,21.588865704889574,11.2,19.764577468776803
6,Intermodal,1005,BEL,Hibbing,Allouez,82.0,0.0,164.0,0.0,2808004319.996545,33.599999999999994,42.25489395178539,44.20563826176454,46.15638257174369,33.599999999999994,38.48680811811437
9,Intermodal,1005,BEL,Allouez,Hibbing,79.0,3.0,158.0,6.0,8208000000.0,56.0,64.62894215789261,65.50894446189261,66.38894676589261,56.0,64.56527891799276
14,Intermodal,1005,BEL,Hibbing,Allouez,82.0,0.0,164.0,0.0,2808004319.996545,78.39999999999999,87.05489395178536,89.0056382617645,90.95638257174365,78.39999999999998,83.28680811811434
17,Intermodal,1005,BEL,Allouez,Hibbing,79.0,4.0,158.0,8.0,8208000000.0,100.8,109.42992677939098,110.30992908339098,111.18993138739098,100.8,109.36477737539612
24,Manifest,1005,BEL,Hibbing,Allouez,48.0,41.0,0.0,0.0,2808004319.996545,134.39999999999998,143.0851668469145,143.0851668469145,145.96516915091448,134.39999999999998,139.30989456686166
27,Manifest,1005,BEL,Allouez,Hibbing,60.0,29.0,0.0,0.0,8208000000.0,156.79999999999998,165.74385380962428,165.74385380962428,166.62385611362427,156.79999999999995,165.58267410225304
32,Manifest,1005,BEL,Hibbing,Allouez,48.0,41.0,0.0,0.0,2808004319.996545,179.2,187.88516684691447,187.88516684691447,190.76516915091446,179.2,184.10989456686164
35,Manifest,1005,BEL,Allouez,Hibbing,60.0,29.0,0.0,0.0,8208000000.0,201.6,210.5438538096243,210.5438538096243,211.42385611362428,201.6,210.3823762121693
40,Manifest,1005,BEL,Hibbing,Allouez,48.0,41.0,0.0,0.0,2808004319.996545,224.0,232.68516684691448,232.68516684691448,235.56516915091447,224.0,228.90989456686165
43,Manifest,1005,BEL,Allouez,Hibbing,59.0,29.0,0.0,0.0,8208000000.0,246.39999999999998,255.3223279619846,255.3223279619846,256.2023302659846,246.39999999999998,255.16923897710706
48,Manifest,1005,BEL,Hibbing,Allouez,48.0,41.0,0.0,0.0,2808004319.996545,268.79999999999995,277.48516684691447,277.48516684691447,280.3651691509145,268.79999999999995,273.70989456686164
51,Manifest,1005,BEL,Allouez,Hibbing,60.0,29.0,0.0,0.0,8208000000.0,291.2,300.1438538096245,300.1438538096245,301.0238561136245,291.2,299.98237621216936
56,Unit,1005,BEL,Hibbing,Allouez,44.0,43.0,0.0,0.0,2808004319.996545,313.59999999999997,322.24925390750764,322.24925390750764,325.12925621150765,313.5999999999999,318.3109047806008
59,Unit,1005,BEL,Allouez,Hibbing,43.0,44.0,0.0,0.0,8208000000.0,336.0,344.67756245688116,344.67756245688116,345.5575647608812,336.0,342.83282500896445
64,Unit,1005,BEL,Hibbing,Allouez,44.0,43.0,0.0,0.0,2808004319.996545,358.4,367.04925390750765,367.04925390750765,369.92925621150766,358.4,363.1109047806009
67,Unit,1005,BEL,Allouez,Hibbing,44.0,44.0,0.0,0.0,8208000000.0,380.79999999999995,389.4823218765128,389.4823218765128,390.3623241805128,380.79999999999995,387.6335102303355
72,Unit,1005,BEL,Hibbing,Allouez,44.0,43.0,0.0,0.0,2808004319.996545,403.2,411.84925390750766,411.84925390750766,414.7292562115077,403.2,407.9109047806009
75,Unit,1005,BEL,Allouez,Hibbing,43.0,44.0,0.0,0.0,8208000000.0,425.59999999999997,434.2775624568811,434.2775624568811,435.15756476088114,425.5999999999999,432.4328165312565
80,Unit,1005,BEL,Hibbing,Allouez,44.0,43.0,0.0,0.0,2808004319.996545,448.0,456.64925390750767,456.64925390750767,459.5292562115077,448.0,452.71090478060086
83,Unit,1005,BEL,Allouez,Hibbing,43.0,45.0,0.0,0.0,8208000000.0,470.4,479.07839240166584,479.07839240166584,479.95839470566585,470.4,477.2328160379246
88,Unit,1005,BEL,Hibbing,Allouez,45.0,43.0,0.0,0.0,2808004319.996545,492.79999999999995,501.45060146321856,501.45060146321856,504.3306037672186,492.79999999999995,497.51142407561053
1,Intermodal,1006,Diesel_Large,Allouez,Hibbing,78.0,4.0,156.0,8.0,828691080000.0,11.2,19.82886109688957,19.834051648345397,19.839242199801223,11.2,19.764577468776803
6,Intermodal,1006,Diesel_Large,Hibbing,Allouez,82.0,0.0,164.0,0.0,828691080000.0,33.599999999999994,42.25489395178539,42.256248816940776,42.25760368209616,33.599999999999994,38.48680811811437
9,Intermodal,1006,Diesel_Large,Allouez,Hibbing,79.0,3.0,158.0,6.0,828691080000.0,56.0,64.62894215789261,64.63420044499418,64.63945873209575,56.0,64.56527891799276
14,Intermodal,1006,Diesel_Large,Hibbing,Allouez,82.0,0.0,164.0,0.0,828691080000.0,78.39999999999999,87.05489395178536,87.05624881694075,87.05760368209614,78.39999999999998,83.28680811811434
17,Intermodal,1006,Diesel_Large,Allouez,Hibbing,79.0,4.0,158.0,8.0,828691080000.0,100.8,109.42992677939098,109.43522869574751,109.44053061210404,100.8,109.36477737539612
24,Manifest,1006,Diesel_Large,Hibbing,Allouez,48.0,41.0,0.0,0.0,828691080000.0,134.39999999999998,143.0851668469145,143.0851668469145,143.09080212795396,134.39999999999998,139.30989456686166
27,Manifest,1006,Diesel_Large,Allouez,Hibbing,60.0,29.0,0.0,0.0,828691080000.0,156.79999999999998,165.74385380962428,165.74385380962428,165.77096208193805,156.79999999999995,165.58267410225304
32,Manifest,1006,Diesel_Large,Hibbing,Allouez,48.0,41.0,0.0,0.0,828691080000.0,179.2,187.88516684691447,187.88516684691447,187.89080212795395,179.2,184.10989456686164
35,Manifest,1006,Diesel_Large,Allouez,Hibbing,60.0,29.0,0.0,0.0,828691080000.0,201.6,210.5438538096243,210.5438538096243,210.57096208193806,201.6,210.3823762121693
40,Manifest,1006,Diesel_Large,Hibbing,Allouez,48.0,41.0,0.0,0.0,828691080000.0,224.0,232.68516684691448,232.68516684691448,232.69080212795396,224.0,228.90989456686165
43,Manifest,1006,Diesel_Large,Allouez,Hibbing,59.0,29.0,0.0,0.0,828691080000.0,246.39999999999998,255.3223279619846,255.3223279619846,255.3490435727763,246.39999999999998,255.16923897710706
48,Manifest,1006,Diesel_Large,Hibbing,Allouez,48.0,41.0,0.0,0.0,828691080000.0,268.79999999999995,277.48516684691447,277.48516684691447,277.49080212795394,268.79999999999995,273.70989456686164
51,Manifest,1006,Diesel_Large,Allouez,Hibbing,60.0,29.0,0.0,0.0,828691080000.0,291.2,300.1438538096245,300.1438538096245,300.1709620819382,291.2,299.98237621216936
56,Unit,1006,Diesel_Large,Hibbing,Allouez,44.0,43.0,0.0,0.0,828691080000.0,313.59999999999997,322.24925390750764,322.24925390750764,322.25298017226856,313.5999999999999,318.3109047806008
59,Unit,1006,Diesel_Large,Allouez,Hibbing,43.0,44.0,0.0,0.0,828691080000.0,336.0,344.67756245688116,344.67756245688116,344.6962476585975,336.0,342.83282500896445
64,Unit,1006,Diesel_Large,Hibbing,Allouez,44.0,43.0,0.0,0.0,828691080000.0,358.4,367.04925390750765,367.04925390750765,367.0529801722686,358.4,363.1109047806009
67,Unit,1006,Diesel_Large,Allouez,Hibbing,44.0,44.0,0.0,0.0,828691080000.0,380.79999999999995,389.4823218765128,389.4823218765128,389.50135973038,380.79999999999995,387.6335102303355
72,Unit,1006,Diesel_Large,Hibbing,Allouez,44.0,43.0,0.0,0.0,828691080000.0,403.2,411.84925390750766,411.84925390750766,411.8529801722686,403.2,407.9109047806009
75,Unit,1006,Diesel_Large,Allouez,Hibbing,43.0,44.0,0.0,0.0,828691080000.0,425.59999999999997,434.2775624568811,434.2775624568811,434.29624765859745,425.5999999999999,432.4328165312565
80,Unit,1006,Diesel_Large,Hibbing,Allouez,44.0,43.0,0.0,0.0,828691080000.0,448.0,456.64925390750767,456.64925390750767,456.6529801722686,448.0,452.71090478060086
83,Unit,1006,Diesel_Large,Allouez,Hibbing,43.0,45.0,0.0,0.0,828691080000.0,470.4,479.07839240166584,479.07839240166584,479.0972262555116,470.4,477.2328160379246
88,Unit,1006,Diesel_Large,Hibbing,Allouez,45.0,43.0,0.0,0.0,828691080000.0,492.79999999999995,501.45060146321856,501.45060146321856,501.4543756580863,492.79999999999995,497.51142407561053
1,Intermodal,1007,BEL,Allouez,Hibbing,78.0,4.0,156.0,8.0,8208000000.0,11.2,19.82886109688957,20.708863400889573,21.588865704889574,11.2,19.764577468776803
6,Intermodal,1007,BEL,Hibbing,Allouez,82.0,0.0,164.0,0.0,2808004319.996545,33.599999999999994,42.25489395178539,44.20563826176454,46.15638257174369,33.599999999999994,38.48680811811437
9,Intermodal,1007,BEL,Allouez,Hibbing,79.0,3.0,158.0,6.0,8208000000.0,56.0,64.62894215789261,65.50894446189261,66.38894676589261,56.0,64.56527891799276
14,Intermodal,1007,BEL,Hibbing,Allouez,82.0,0.0,164.0,0.0,2808004319.996545,78.39999999999999,87.05489395178536,89.0056382617645,90.95638257174365,78.39999999999998,83.28680811811434
17,Intermodal,1007,BEL,Allouez,Hibbing,79.0,4.0,158.0,8.0,8208000000.0,100.8,109.42992677939098,110.30992908339098,111.18993138739098,100.8,109.36477737539612
26,Manifest,1007,BEL,Hibbing,Allouez,48.0,40.0,0.0,0.0,2808004319.996545,145.6,154.354906263457,154.354906263457,157.23490856745698,145.6,150.5625711990752
29,Manifest,1007,BEL,Allouez,Hibbing,60.0,28.0,0.0,0.0,8208000000.0,168.0,176.93795322678912,176.93795322678912,177.8179555307891,168.0,176.77930464688242
34,Manifest,1007,BEL,Hibbing,Allouez,47.0,41.0,0.0,0.0,2808004319.996545,190.39999999999998,199.15212795455068,199.15212795455068,202.03213025855067,190.39999999999998,195.3603302360149
37,Manifest,1007,BEL,Allouez,Hibbing,60.0,29.0,0.0,0.0,8208000000.0,212.79999999999998,222.6835331551179,222.6835331551179,223.5635354591179,212.79999999999995,222.20388264864783
42,Manifest,1007,BEL,Hibbing,Allouez,48.0,40.0,0.0,0.0,2808004319.996545,235.2,243.954906263457,243.954906263457,246.83490856745698,235.2,240.1625711990752
45,Manifest,1007,BEL,Allouez,Hibbing,60.0,28.0,0.0,0.0,8208000000.0,257.59999999999997,266.5379532267891,266.5379532267891,267.41795553078913,257.59999999999997,266.3793046468824
50,Manifest,1007,BEL,Hibbing,Allouez,48.0,40.0,0.0,0.0,2808004319.996545,280.0,288.754906263457,288.754906263457,291.634908567457,280.0,284.96257119907517
53,Manifest,1007,BEL,Allouez,Hibbing,60.0,29.0,0.0,0.0,8208000000.0,302.4,312.28353315511805,312.28353315511805,313.16353545911807,302.4,311.80388264864797
58,Unit,1007,BEL,Hibbing,Allouez,45.0,43.0,0.0,0.0,2808004319.996545,324.79999999999995,333.4448030297191,333.4448030297191,336.3248053337191,324.79999999999995,329.50728233739665
61,Unit,1007,BEL,Allouez,Hibbing,43.0,44.0,0.0,0.0,8208000000.0,347.2,356.20884146421406,356.20884146421406,357.0888437682141,347.2,354.19292827655516
66,Unit,1007,BEL,Hibbing,Allouez,44.0,43.0,0.0,0.0,2808004319.996545,369.59999999999997,378.24384217099043,378.24384217099043,381.12384447499045,369.5999999999999,374.3070392545171
69,Unit,1007,BEL,Allouez,Hibbing,43.0,45.0,0.0,0.0,8208000000.0,392.0,401.0200697854053,401.0200697854053,401.90007208940534,392.0,398.99464321638595
74,Unit,1007,BEL,Hibbing,Allouez,45.0,43.0,0.0,0.0,2808004319.996545,414.4,423.0448030297191,423.0448030297191,425.9248053337191,414.4,419.10728233739667
77,Unit,1007,BEL,Allouez,Hibbing,43.0,45.0,0.0,0.0,8208000000.0,436.79999999999995,445.8200697854053,445.8200697854053,446.7000720894053,436.79999999999995,443.79464321638585
82,Unit,1007,BEL,Hibbing,Allouez,44.0,44.0,0.0,0.0,2808004319.996545,459.2,467.84404803850833,467.84404803850833,470.72405034250835,459.2,463.90674305796045
85,Unit,1007,BEL,Allouez,Hibbing,43.0,45.0,0.0,0.0,8208000000.0,481.59999999999997,490.6200697854053,490.6200697854053,491.5000720894053,481.5999999999999,488.59464321638586
90,Unit,1007,BEL,Hibbing,Allouez,44.0,43.0,0.0,0.0,2808004319.996545,503.99999999999994,512.6438421709904,512.6438421709904,515.5238444749904,503.99999999999994,508.7070392545171
1,Intermodal,1008,Diesel_Large,Allouez,Hibbing,78.0,4.0,156.0,8.0,828691080000.0,11.2,19.82886109688957,19.839242199801223,19.84443275125705,11.2,19.764577468776803
6,Intermodal,1008,Diesel_Large,Hibbing,Allouez,82.0,0.0,164.0,0.0,828691080000.0,33.599999999999994,42.25489395178539,42.25760368209616,42.258958547251545,33.599999999999994,38.48680811811437
9,Intermodal,1008,Diesel_Large,Allouez,Hibbing,79.0,3.0,158.0,6.0,828691080000.0,56.0,64.62894215789261,64.63945873209575,64.64471701919732,56.0,64.56527891799276
14,Intermodal,1008,Diesel_Large,Hibbing,Allouez,82.0,0.0,164.0,0.0,828691080000.0,78.39999999999999,87.05489395178536,87.05760368209614,87.05895854725154,78.39999999999998,83.28680811811434
17,Intermodal,1008,Diesel_Large,Allouez,Hibbing,79.0,4.0,158.0,8.0,828691080000.0,100.8,109.42992677939098,109.44053061210404,109.44583252846057,100.8,109.36477737539612
26,Manifest,1008,Diesel_Large,Hibbing,Allouez,48.0,40.0,0.0,0.0,828691080000.0,145.6,154.354906263457,154.354906263457,154.36363411066156,145.6,150.5625711990752
29,Manifest,1008,Diesel_Large,Allouez,Hibbing,60.0,28.0,0.0,0.0,828691080000.0,168.0,176.93795322678912,176.93795322678912,176.96496832140585,168.0,176.77930464688242
34,Manifest,1008,Diesel_Large,Hibbing,Allouez,47.0,41.0,0.0,0.0,828691080000.0,190.39999999999998,199.15212795455068,199.15212795455068,199.16075830768884,190.39999999999998,195.3603302360149
37,Manifest,1008,Diesel_Large,Allouez,Hibbing,60.0,29.0,0.0,0.0,828691080000.0,212.79999999999998,222.6835331551179,222.6835331551179,222.7267682765137,212.79999999999995,222.20388264864783
42,Manifest,1008,Diesel_Large,Hibbing,Allouez,48.0,40.0,0.0,0.0,828691080000.0,235.2,243.954906263457,243.954906263457,243.96363411066156,235.2,240.1625711990752
45,Manifest,1008,Diesel_Large,Allouez,Hibbing,60.0,28.0,0.0,0.0,828691080000.0,257.59999999999997,266.5379532267891,266.5379532267891,266.56496832140584,257.59999999999997,266.3793046468824
50,Manifest,1008,Diesel_Large,Hibbing,Allouez,48.0,40.0,0.0,0.0,828691080000.0,280.0,288.754906263457,288.754906263457,288.76363411066154,280.0,284.96257119907517
53,Manifest,1008,Diesel_Large,Allouez,Hibbing,60.0,29.0,0.0,0.0,828691080000.0,302.4,312.28353315511805,312.28353315511805,312.3267682765138,302.4,311.80388264864797
58,Unit,1008,Diesel_Large,Hibbing,Allouez,45.0,43.0,0.0,0.0,828691080000.0,324.79999999999995,333.4448030297191,333.4448030297191,333.4488657442447,324.79999999999995,329.50728233739665
61,Unit,1008,Diesel_Large,Allouez,Hibbing,43.0,44.0,0.0,0.0,828691080000.0,347.2,356.20884146421406,356.20884146421406,356.2361879530757,347.2,354.19292827655516
66,Unit,1008,Diesel_Large,Hibbing,Allouez,44.0,43.0,0.0,0.0,828691080000.0,369.59999999999997,378.24384217099043,378.24384217099043,378.2478257707433,369.5999999999999,374.3070392545171
69,Unit,1008,Diesel_Large,Allouez,Hibbing,43.0,45.0,0.0,0.0,828691080000.0,392.0,401.0200697854053,401.0200697854053,401.04762423810325,392.0,398.99464321638595
74,Unit,1008,Diesel_Large,Hibbing,Allouez,45.0,43.0,0.0,0.0,828691080000.0,414.4,423.0448030297191,423.0448030297191,423.0488657442447,414.4,419.10728233739667
77,Unit,1008,Diesel_Large,Allouez,Hibbing,43.0,45.0,0.0,0.0,828691080000.0,436.79999999999995,445.8200697854053,445.8200697854053,445.8476242381032,436.79999999999995,443.79464321638585
82,Unit,1008,Diesel_Large,Hibbing,Allouez,44.0,44.0,0.0,0.0,828691080000.0,459.2,467.84404803850833,467.84404803850833,467.8481214649943,459.2,463.90674305796045
85,Unit,1008,Diesel_Large,Allouez,Hibbing,43.0,45.0,0.0,0.0,828691080000.0,481.59999999999997,490.6200697854053,490.6200697854053,490.6476242381032,481.5999999999999,488.59464321638586
90,Unit,1008,Diesel_Large,Hibbing,Allouez,44.0,43.0,0.0,0.0,828691080000.0,503.99999999999994,512.6438421709904,512.6438421709904,512.6478257707433,503.99999999999994,508.7070392545171
1,Intermodal,1009,BEL,Allouez,Hibbing,78.0,4.0,156.0,8.0,8208000000.0,11.2,19.82886109688957,21.588865704889574,22.468868008889576,11.2,19.764577468776803
6,Intermodal,1009,BEL,Hibbing,Allouez,82.0,0.0,164.0,0.0,2808004319.996545,33.599999999999994,42.25489395178539,46.15638257174369,48.10712688172284,33.599999999999994,38.48680811811437
9,Intermodal,1009,BEL,Allouez,Hibbing,79.0,3.0,158.0,6.0,8208000000.0,56.0,64.62894215789261,66.38894676589261,67.26894906989261,56.0,64.56527891799276
14,Intermodal,1009,BEL,Hibbing,Allouez,82.0,0.0,164.0,0.0,2808004319.996545,78.39999999999999,87.05489395178536,90.95638257174365,92.90712688172279,78.39999999999998,83.28680811811434
17,Intermodal,1009,BEL,Allouez,Hibbing,79.0,4.0,158.0,8.0,8208000000.0,100.8,109.42992677939098,111.18993138739098,112.06993369139099,100.8,109.36477737539612
26,Manifest,1009,BEL,Hibbing,Allouez,48.0,40.0,0.0,0.0,2808004319.996545,145.6,154.354906263457,154.354906263457,157.23490856745698,145.6,150.5625711990752
29,Manifest,1009,BEL,Allouez,Hibbing,60.0,28.0,0.0,0.0,8208000000.0,168.0,176.93795322678912,176.93795322678912,177.8179555307891,168.0,176.77930464688242
34,Manifest,1009,BEL,Hibbing,Allouez,47.0,41.0,0.0,0.0,2808004319.996545,190.39999999999998,199.15212795455068,199.15212795455068,202.03213025855067,190.39999999999998,195.3603302360149
37,Manifest,1009,BEL,Allouez,Hibbing,60.0,29.0,0.0,0.0,8208000000.0,212.79999999999998,222.6835331551179,222.6835331551179,223.5635354591179,212.79999999999995,222.20388264864783
42,Manifest,1009,BEL,Hibbing,Allouez,48.0,40.0,0.0,0.0,2808004319.996545,235.2,243.954906263457,243.954906263457,246.83490856745698,235.2,240.1625711990752
45,Manifest,1009,BEL,Allouez,Hibbing,60.0,28.0,0.0,0.0,8208000000.0,257.59999999999997,266.5379532267891,266.5379532267891,267.41795553078913,257.59999999999997,266.3793046468824
50,Manifest,1009,BEL,Hibbing,Allouez,48.0,40.0,0.0,0.0,2808004319.996545,280.0,288.754906263457,288.754906263457,291.634908567457,280.0,284.96257119907517
53,Manifest,1009,BEL,Allouez,Hibbing,60.0,29.0,0.0,0.0,8208000000.0,302.4,312.28353315511805,312.28353315511805,313.16353545911807,302.4,311.80388264864797
58,Unit,1009,BEL,Hibbing,Allouez,45.0,43.0,0.0,0.0,2808004319.996545,324.79999999999995,333.4448030297191,333.4448030297191,336.3248053337191,324.79999999999995,329.50728233739665
61,Unit,1009,BEL,Allouez,Hibbing,43.0,44.0,0.0,0.0,8208000000.0,347.2,356.20884146421406,356.20884146421406,357.0888437682141,347.2,354.19292827655516
66,Unit,1009,BEL,Hibbing,Allouez,44.0,43.0,0.0,0.0,2808004319.996545,369.59999999999997,378.24384217099043,378.24384217099043,381.12384447499045,369.5999999999999,374.3070392545171
69,Unit,1009,BEL,Allouez,Hibbing,43.0,45.0,0.0,0.0,8208000000.0,392.0,401.0200697854053,401.0200697854053,401.90007208940534,392.0,398.99464321638595
74,Unit,1009,BEL,Hibbing,Allouez,45.0,43.0,0.0,0.0,2808004319.996545,414.4,423.0448030297191,423.0448030297191,425.9248053337191,414.4,419.10728233739667
77,Unit,1009,BEL,Allouez,Hibbing,43.0,45.0,0.0,0.0,8208000000.0,436.79999999999995,445.8200697854053,445.8200697854053,446.7000720894053,436.79999999999995,443.79464321638585
82,Unit,1009,BEL,Hibbing,Allouez,44.0,44.0,0.0,0.0,2808004319.996545,459.2,467.84404803850833,467.84404803850833,470.72405034250835,459.2,463.90674305796045
85,Unit,1009,BEL,Allouez,Hibbing,43.0,45.0,0.0,0.0,8208000000.0,481.59999999999997,490.6200697854053,490.6200697854053,491.5000720894053,481.5999999999999,488.59464321638586
90,Unit,1009,BEL,Hibbing,Allouez,44.0,43.0,0.0,0.0,2808004319.996545,503.99999999999994,512.6438421709904,512.6438421709904,515.5238444749904,503.99999999999994,508.7070392545171
1,Intermodal,1010,Diesel_Large,Allouez,Hibbing,78.0,4.0,156.0,8.0,828691080000.0,11.2,19.82886109688957,19.839242199801223,19.84443275125705,11.2,19.764577468776803
6,Intermodal,1010,Diesel_Large,Hibbing,Allouez,82.0,0.0,164.0,0.0,828691080000.0,33.599999999999994,42.25489395178539,42.25760368209616,42.258958547251545,33.599999999999994,38.48680811811437
9,Intermodal,1010,Diesel_Large,Allouez,Hibbing,79.0,3.0,158.0,6.0,828691080000.0,56.0,64.62894215789261,64.63945873209575,64.64471701919732,56.0,64.56527891799276
14,Intermodal,1010,Diesel_Large,Hibbing,Allouez,82.0,0.0,164.0,0.0,828691080000.0,78.39999999999999,87.05489395178536,87.05760368209614,87.05895854725154,78.39999999999998,83.28680811811434
17,Intermodal,1010,Diesel_Large,Allouez,Hibbing,79.0,4.0,158.0,8.0,828691080000.0,100.8,109.42992677939098,109.44053061210404,109.44583252846057,100.8,109.36477737539612
28,Manifest,1010,Diesel_Large,Hibbing,Allouez,48.0,41.0,0.0,0.0,828691080000.0,156.79999999999998,165.49181921245435,165.49181921245435,165.49895713766838,156.79999999999995,161.71784600360155
31,Manifest,1010,Diesel_Large,Allouez,Hibbing,60.0,28.0,0.0,0.0,828691080000.0,179.2,188.1379532267891,188.1379532267891,188.16496832140584,179.2,187.97455420075468
36,Manifest,1010,Diesel_Large,Hibbing,Allouez,48.0,40.0,0.0,0.0,828691080000.0,201.6,210.29140601781714,210.29140601781714,210.2985147592692,201.6,206.5181750828661
39,Manifest,1010,Diesel_Large,Allouez,Hibbing,59.0,29.0,0.0,0.0,828691080000.0,224.0,232.7684254185508,232.7684254185508,232.7895507013698,224.0,232.66428656525295
44,Manifest,1010,Diesel_Large,Hibbing,Allouez,48.0,41.0,0.0,0.0,828691080000.0,246.39999999999998,255.09181921245434,255.09181921245434,255.09895713766838,246.39999999999998,251.31784600360155
47,Manifest,1010,Diesel_Large,Allouez,Hibbing,60.0,29.0,0.0,0.0,828691080000.0,268.79999999999995,277.7438538096242,277.7438538096242,277.77096208193797,268.79999999999995,277.5779236561253
52,Manifest,1010,Diesel_Large,Hibbing,Allouez,48.0,40.0,0.0,0.0,828691080000.0,291.2,299.89140601781713,299.89140601781713,299.8985147592692,291.2,296.1181750828661
55,Unit,1010,Diesel_Large,Allouez,Hibbing,43.0,45.0,0.0,0.0,828691080000.0,313.59999999999997,322.2552607678282,322.2552607678282,322.27086661577454,313.5999999999999,320.42474382858154
60,Unit,1010,Diesel_Large,Hibbing,Allouez,44.0,44.0,0.0,0.0,828691080000.0,336.0,344.6476604810265,344.6476604810265,344.6517893238662,336.0,340.7093233740448
63,Unit,1010,Diesel_Large,Allouez,Hibbing,43.0,44.0,0.0,0.0,828691080000.0,358.4,367.05365253625007,367.05365253625007,367.0691690798313,358.4,365.22473262409477
68,Unit,1010,Diesel_Large,Hibbing,Allouez,44.0,43.0,0.0,0.0,828691080000.0,380.79999999999995,389.44717534687607,389.44717534687607,389.4512703495472,380.79999999999995,385.5094200944354
71,Unit,1010,Diesel_Large,Allouez,Hibbing,44.0,44.0,0.0,0.0,828691080000.0,403.2,411.8573824039772,411.8573824039772,411.87312648597015,403.2,410.024807826862
76,Unit,1010,Diesel_Large,Hibbing,Allouez,44.0,43.0,0.0,0.0,828691080000.0,425.59999999999997,434.2471753468761,434.2471753468761,434.2512703495472,425.5999999999999,430.3094200944354
79,Unit,1010,Diesel_Large,Allouez,Hibbing,43.0,44.0,0.0,0.0,828691080000.0,448.0,456.6536525362501,456.6536525362501,456.6691690798313,448.0,454.8247326240948
84,Unit,1010,Diesel_Large,Hibbing,Allouez,44.0,43.0,0.0,0.0,828691080000.0,470.4,479.0471753468761,479.0471753468761,479.0512703495472,470.4,475.10942009443545
87,Unit,1010,Diesel_Large,Allouez,Hibbing,43.0,44.0,0.0,0.0,828691080000.0,492.79999999999995,501.45365253625005,501.45365253625005,501.46916907983126,492.79999999999995,499.6247637141582
1,Intermodal,1011,BEL,Allouez,Hibbing,78.0,4.0,156.0,8.0,8208000000.0,11.2,19.82886109688957,21.588865704889574,22.468868008889576,11.2,19.764577468776803
6,Intermodal,1011,BEL,Hibbing,Allouez,82.0,0.0,164.0,0.0,2808004319.996545,33.599999999999994,42.25489395178539,46.15638257174369,48.10712688172284,33.599999999999994,38.48680811811437
9,Intermodal,1011,BEL,Allouez,Hibbing,79.0,3.0,158.0,6.0,8208000000.0,56.0,64.62894215789261,66.38894676589261,67.26894906989261,56.0,64.56527891799276
14,Intermodal,1011,BEL,Hibbing,Allouez,82.0,0.0,164.0,0.0,2808004319.996545,78.39999999999999,87.05489395178536,90.95638257174365,92.90712688172279,78.39999999999998,83.28680811811434
17,Intermodal,1011,BEL,Allouez,Hibbing,79.0,4.0,158.0,8.0,8208000000.0,100.8,109.42992677939098,111.18993138739098,112.06993369139099,100.8,109.36477737539612
28,Manifest,1011,BEL,Hibbing,Allouez,48.0,41.0,0.0,0.0,2808004319.996545,156.79999999999998,165.49181921245435,165.49181921245435,168.37182151645433,156.79999999999995,161.71784600360155
31,Manifest,1011,BEL,Allouez,Hibbing,60.0,28.0,0.0,0.0,8208000000.0,179.2,188.1379532267891,188.1379532267891,189.0179555307891,179.2,187.97455420075468
36,Manifest,1011,BEL,Hibbing,Allouez,48.0,40.0,0.0,0.0,2808004319.996545,201.6,210.29140601781714,210.29140601781714,213.17140832181713,201.6,206.5181750828661
39,Manifest,1011,BEL,Allouez,Hibbing,59.0,29.0,0.0,0.0,8208000000.0,224.0,232.7684254185508,232.7684254185508,233.6484277225508,224.0,232.66428656525295
44,Manifest,1011,BEL,Hibbing,Allouez,48.0,41.0,0.0,0.0,2808004319.996545,246.39999999999998,255.09181921245434,255.09181921245434,257.9718215164543,246.39999999999998,251.31784600360155
47,Manifest,1011,BEL,Allouez,Hibbing,60.0,29.0,0.0,0.0,8208000000.0,268.79999999999995,277.7438538096242,277.7438538096242,278.62385611362424,268.79999999999995,277.5779236561253
52,Manifest,1011,BEL,Hibbing,Allouez,48.0,40.0,0.0,0.0,2808004319.996545,291.2,299.89140601781713,299.89140601781713,302.77140832181715,291.2,296.1181750828661
55,Unit,1011,BEL,Allouez,Hibbing,43.0,45.0,0.0,0.0,8208000000.0,313.59999999999997,322.2552607678282,322.2552607678282,323.1352630718282,313.5999999999999,320.42474382858154
60,Unit,1011,BEL,Hibbing,Allouez,44.0,44.0,0.0,0.0,2808004319.996545,336.0,344.6476604810265,344.6476604810265,347.5276627850265,336.0,340.7093233740448
63,Unit,1011,BEL,Allouez,Hibbing,43.0,44.0,0.0,0.0,8208000000.0,358.4,367.05365253625007,367.05365253625007,367.9336548402501,358.4,365.22473262409477
68,Unit,1011,BEL,Hibbing,Allouez,44.0,43.0,0.0,0.0,2808004319.996545,380.79999999999995,389.44717534687607,389.44717534687607,392.3271776508761,380.79999999999995,385.5094200944354
71,Unit,1011,BEL,Allouez,Hibbing,44.0,44.0,0.0,0.0,8208000000.0,403.2,411.8573824039772,411.8573824039772,412.73738470797724,403.2,410.024807826862
76,Unit,1011,BEL,Hibbing,Allouez,44.0,43.0,0.0,0.0,2808004319.996545,425.59999999999997,434.2471753468761,434.2471753468761,437.1271776508761,425.5999999999999,430.3094200944354
79,Unit,1011,BEL,Allouez,Hibbing,43.0,44.0,0.0,0.0,8208000000.0,448.0,456.6536525362501,456.6536525362501,457.5336548402501,448.0,454.8247326240948
84,Unit,1011,BEL,Hibbing,Allouez,44.0,43.0,0.0,0.0,2808004319.996545,470.4,479.0471753468761,479.0471753468761,481.9271776508761,470.4,475.10942009443545
87,Unit,1011,BEL,Allouez,Hibbing,43.0,44.0,0.0,0.0,8208000000.0,492.79999999999995,501.45365253625005,501.45365253625005,502.33365484025006,492.79999999999995,499.6247637141582
1,Intermodal,1012,Diesel_Large,Allouez,Hibbing,78.0,4.0,156.0,8.0,828691080000.0,11.2,19.82886109688957,19.84443275125705,19.849623302712875,11.2,19.764577468776803
6,Intermodal,1012,Diesel_Large,Hibbing,Allouez,82.0,0.0,164.0,0.0,828691080000.0,33.599999999999994,42.25489395178539,42.258958547251545,42.26031341240693,33.599999999999994,38.48680811811437
9,Intermodal,1012,Diesel_Large,Allouez,Hibbing,79.0,3.0,158.0,6.0,828691080000.0,56.0,64.62894215789261,64.64471701919732,64.64997530629888,56.0,64.56527891799276
14,Intermodal,1012,Diesel_Large,Hibbing,Allouez,82.0,0.0,164.0,0.0,828691080000.0,78.39999999999999,87.05489395178536,87.05895854725154,87.06031341240693,78.39999999999998,83.28680811811434
17,Intermodal,1012,Diesel_Large,Allouez,Hibbing,79.0,4.0,158.0,8.0,828691080000.0,100.8,109.42992677939098,109.44583252846057,109.4511344448171,100.8,109.36477737539612
28,Manifest,1012,Diesel_Large,Hibbing,Allouez,48.0,41.0,0.0,0.0,828691080000.0,156.79999999999998,165.49181921245435,165.49181921245435,165.49895713766838,156.79999999999995,161.71784600360155
31,Manifest,1012,Diesel_Large,Allouez,Hibbing,60.0,28.0,0.0,0.0,828691080000.0,179.2,188.1379532267891,188.1379532267891,188.16496832140584,179.2,187.97455420075468
36,Manifest,1012,Diesel_Large,Hibbing,Allouez,48.0,40.0,0.0,0.0,828691080000.0,201.6,210.29140601781714,210.29140601781714,210.2985147592692,201.6,206.5181750828661
39,Manifest,1012,Diesel_Large,Allouez,Hibbing,59.0,29.0,0.0,0.0,828691080000.0,224.0,232.7684254185508,232.7684254185508,232.7895507013698,224.0,232.66428656525295
44,Manifest,1012,Diesel_Large,Hibbing,Allouez,48.0,41.0,0.0,0.0,828691080000.0,246.39999999999998,255.09181921245434,255.09181921245434,255.09895713766838,246.39999999999998,251.31784600360155
47,Manifest,1012,Diesel_Large,Allouez,Hibbing,60.0,29.0,0.0,0.0,828691080000.0,268.79999999999995,277.7438538096242,277.7438538096242,277.77096208193797,268.79999999999995,277.5779236561253
52,Manifest,1012,Diesel_Large,Hibbing,Allouez,48.0,40.0,0.0,0.0,828691080000.0,291.2,299.89140601781713,299.89140601781713,299.8985147592692,291.2,296.1181750828661
55,Unit,1012,Diesel_Large,Allouez,Hibbing,43.0,45.0,0.0,0.0,828691080000.0,313.59999999999997,322.2552607678282,322.2552607678282,322.27086661577454,313.5999999999999,320.42474382858154
60,Unit,1012,Diesel_Large,Hibbing,Allouez,44.0,44.0,0.0,0.0,828691080000.0,336.0,344.6476604810265,344.6476604810265,344.6517893238662,336.0,340.7093233740448
63,Unit,1012,Diesel_Large,Allouez,Hibbing,43.0,44.0,0.0,0.0,828691080000.0,358.4,367.05365253625007,367.05365253625007,367.0691690798313,358.4,365.22473262409477
68,Unit,1012,Diesel_Large,Hibbing,Allouez,44.0,43.0,0.0,0.0,828691080000.0,380.79999999999995,389.44717534687607,389.44717534687607,389.4512703495472,380.79999999999995,385.5094200944354
71,Unit,1012,Diesel_Large,Allouez,Hibbing,44.0,44.0,0.0,0.0,828691080000.0,403.2,411.8573824039772,411.8573824039772,411.87312648597015,403.2,410.024807826862
76,Unit,1012,Diesel_Large,Hibbing,Allouez,44.0,43.0,0.0,0.0,828691080000.0,425.59999999999997,434.2471753468761,434.2471753468761,434.2512703495472,425.5999999999999,430.3094200944354
79,Unit,1012,Diesel_Large,Allouez,Hibbing,43.0,44.0,0.0,0.0,828691080000.0,448.0,456.6536525362501,456.6536525362501,456.6691690798313,448.0,454.8247326240948
84,Unit,1012,Diesel_Large,Hibbing,Allouez,44.0,43.0,0.0,0.0,828691080000.0,470.4,479.0471753468761,479.0471753468761,479.0512703495472,470.4,475.10942009443545
87,Unit,1012,Diesel_Large,Allouez,Hibbing,43.0,44.0,0.0,0.0,828691080000.0,492.79999999999995,501.45365253625005,501.45365253625005,501.46916907983126,492.79999999999995,499.6247637141582
3,Intermodal,1013,BEL,Allouez,Hibbing,79.0,3.0,158.0,6.0,8208000000.0,22.4,31.02888479343917,31.02888479343917,31.90888709743917,22.4,30.96473472712647
8,Intermodal,1013,BEL,Hibbing,Allouez,82.0,0.0,164.0,0.0,2808004319.996545,44.8,53.454893951785394,53.454893951785394,55.405638261764544,44.8,49.68680811811437
11,Intermodal,1013,BEL,Allouez,Hibbing,78.0,4.0,156.0,8.0,8208000000.0,67.19999999999999,75.82878918876047,75.82878918876047,76.70879149276047,67.19999999999999,75.76540488669951
16,Intermodal,1013,BEL,Hibbing,Allouez,82.0,0.0,164.0,0.0,2808004319.996545,89.6,98.25489395178536,98.25489395178536,100.2056382617645,89.6,94.48680811811435
19,Manifest,1013,BEL,Allouez,Hibbing,59.0,29.0,0.0,0.0,8208000000.0,112.0,120.92232796198473,120.92232796198473,121.80233026598474,112.0,120.7644885309794
58,Unit,1013,BEL,Hibbing,Allouez,45.0,43.0,0.0,0.0,2808004319.996545,324.79999999999995,333.4448030297191,336.3248053337191,339.2048076377191,324.79999999999995,329.50728233739665
61,Unit,1013,BEL,Allouez,Hibbing,43.0,44.0,0.0,0.0,8208000000.0,347.2,356.20884146421406,357.0888437682141,357.9688460722141,347.2,354.19292827655516
66,Unit,1013,BEL,Hibbing,Allouez,44.0,43.0,0.0,0.0,2808004319.996545,369.59999999999997,378.24384217099043,381.12384447499045,384.00384677899046,369.5999999999999,374.3070392545171
69,Unit,1013,BEL,Allouez,Hibbing,43.0,45.0,0.0,0.0,8208000000.0,392.0,401.0200697854053,401.90007208940534,402.78007439340536,392.0,398.99464321638595
74,Unit,1013,BEL,Hibbing,Allouez,45.0,43.0,0.0,0.0,2808004319.996545,414.4,423.0448030297191,425.9248053337191,428.80480763771914,414.4,419.10728233739667
77,Unit,1013,BEL,Allouez,Hibbing,43.0,45.0,0.0,0.0,8208000000.0,436.79999999999995,445.8200697854053,446.7000720894053,447.5800743934053,436.79999999999995,443.79464321638585
82,Unit,1013,BEL,Hibbing,Allouez,44.0,44.0,0.0,0.0,2808004319.996545,459.2,467.84404803850833,470.72405034250835,473.60405264650836,459.2,463.90674305796045
85,Unit,1013,BEL,Allouez,Hibbing,43.0,45.0,0.0,0.0,8208000000.0,481.59999999999997,490.6200697854053,491.5000720894053,492.3800743934053,481.5999999999999,488.59464321638586
90,Unit,1013,BEL,Hibbing,Allouez,44.0,43.0,0.0,0.0,2808004319.996545,503.99999999999994,512.6438421709904,515.5238444749904,518.4038467789903,503.99999999999994,508.7070392545171
3,Intermodal,1014,Diesel_Large,Allouez,Hibbing,79.0,3.0,158.0,6.0,828691080000.0,22.4,31.02888479343917,31.02888479343917,31.03324666097531,22.4,30.96473472712647
8,Intermodal,1014,Diesel_Large,Hibbing,Allouez,82.0,0.0,164.0,0.0,828691080000.0,44.8,53.454893951785394,53.454893951785394,53.45624881694078,44.8,49.68680811811437
11,Intermodal,1014,Diesel_Large,Allouez,Hibbing,78.0,4.0,156.0,8.0,828691080000.0,67.19999999999999,75.82878918876047,75.82878918876047,75.83306244595553,67.19999999999999,75.76540488669951
16,Intermodal,1014,Diesel_Large,Hibbing,Allouez,82.0,0.0,164.0,0.0,828691080000.0,89.6,98.25489395178536,98.25489395178536,98.25624881694075,89.6,94.48680811811435
19,Manifest,1014,Diesel_Large,Allouez,Hibbing,59.0,29.0,0.0,0.0,828691080000.0,112.0,120.92232796198473,120.92232796198473,120.94904357277645,112.0,120.7644885309794
60,Unit,1014,Diesel_Large,Hibbing,Allouez,44.0,44.0,0.0,0.0,828691080000.0,336.0,344.6476604810265,344.6517893238662,344.6559181667059,336.0,340.7093233740448
63,Unit,1014,Diesel_Large,Allouez,Hibbing,43.0,44.0,0.0,0.0,828691080000.0,358.4,367.05365253625007,367.0691690798313,367.0846856234125,358.4,365.22473262409477
68,Unit,1014,Diesel_Large,Hibbing,Allouez,44.0,43.0,0.0,0.0,828691080000.0,380.79999999999995,389.44717534687607,389.4512703495472,389.45536535221834,380.79999999999995,385.5094200944354
71,Unit,1014,Diesel_Large,Allouez,Hibbing,44.0,44.0,0.0,0.0,828691080000.0,403.2,411.8573824039772,411.87312648597015,411.88887056796307,403.2,410.024807826862
76,Unit,1014,Diesel_Large,Hibbing,Allouez,44.0,43.0,0.0,0.0,828691080000.0,425.59999999999997,434.2471753468761,434.2512703495472,434.25536535221835,425.5999999999999,430.3094200944354
79,Unit,1014,Diesel_Large,Allouez,Hibbing,43.0,44.0,0.0,0.0,828691080000.0,448.0,456.6536525362501,456.6691690798313,456.6846856234125,448.0,454.8247326240948
84,Unit,1014,Diesel_Large,Hibbing,Allouez,44.0,43.0,0.0,0.0,828691080000.0,470.4,479.0471753468761,479.0512703495472,479.05536535221836,470.4,475.10942009443545
87,Unit,1014,Diesel_Large,Allouez,Hibbing,43.0,44.0,0.0,0.0,828691080000.0,492.79999999999995,501.45365253625005,501.46916907983126,501.4846856234125,492.79999999999995,499.6247637141582
3,Intermodal,1015,BEL,Allouez,Hibbing,79.0,3.0,158.0,6.0,8208000000.0,22.4,31.02888479343917,31.02888479343917,31.90888709743917,22.4,30.96473472712647
8,Intermodal,1015,BEL,Hibbing,Allouez,82.0,0.0,164.0,0.0,2808004319.996545,44.8,53.454893951785394,53.454893951785394,55.405638261764544,44.8,49.68680811811437
11,Intermodal,1015,BEL,Allouez,Hibbing,78.0,4.0,156.0,8.0,8208000000.0,67.19999999999999,75.82878918876047,75.82878918876047,76.70879149276047,67.19999999999999,75.76540488669951
16,Intermodal,1015,BEL,Hibbing,Allouez,82.0,0.0,164.0,0.0,2808004319.996545,89.6,98.25489395178536,98.25489395178536,100.2056382617645,89.6,94.48680811811435
19,Manifest,1015,BEL,Allouez,Hibbing,59.0,29.0,0.0,0.0,8208000000.0,112.0,120.92232796198473,120.92232796198473,121.80233026598474,112.0,120.7644885309794
62,Unit,1015,BEL,Hibbing,Allouez,44.0,44.0,0.0,0.0,2808004319.996545,347.2,355.8510321454235,355.8510321454235,358.73103444942353,347.2,351.91173170575695
65,Unit,1015,BEL,Allouez,Hibbing,43.0,44.0,0.0,0.0,8208000000.0,369.59999999999997,378.2775624568811,378.2775624568811,379.15756476088114,369.5999999999999,376.432390781067
70,Unit,1015,BEL,Hibbing,Allouez,45.0,43.0,0.0,0.0,2808004319.996545,392.0,400.6506014632186,400.6506014632186,403.5306037672186,392.0,396.7114240756106
73,Unit,1015,BEL,Allouez,Hibbing,44.0,44.0,0.0,0.0,8208000000.0,414.4,423.0823218765128,423.0823218765128,423.96232418051284,414.4,421.23311350770894
78,Unit,1015,BEL,Hibbing,Allouez,45.0,43.0,0.0,0.0,2808004319.996545,436.79999999999995,445.45060146321856,445.45060146321856,448.3306037672186,436.79999999999995,441.51142407561053
81,Unit,1015,BEL,Allouez,Hibbing,43.0,44.0,0.0,0.0,8208000000.0,459.2,467.87756245688115,467.87756245688115,468.75756476088117,459.2,466.03239735321625
86,Unit,1015,BEL,Hibbing,Allouez,45.0,43.0,0.0,0.0,2808004319.996545,481.59999999999997,490.2506014632186,490.2506014632186,493.1306037672186,481.5999999999999,486.3114240756105
89,Unit,1015,BEL,Allouez,Hibbing,43.0,44.0,0.0,0.0,8208000000.0,503.99999999999994,512.6775624568811,512.6775624568811,513.5575647608811,503.99999999999994,510.83239078106703
3,Intermodal,1016,Diesel_Large,Allouez,Hibbing,79.0,3.0,158.0,6.0,828691080000.0,22.4,31.02888479343917,31.02888479343917,31.03324666097531,22.4,30.96473472712647
8,Intermodal,1016,Diesel_Large,Hibbing,Allouez,82.0,0.0,164.0,0.0,828691080000.0,44.8,53.454893951785394,53.454893951785394,53.45624881694078,44.8,49.68680811811437
11,Intermodal,1016,Diesel_Large,Allouez,Hibbing,78.0,4.0,156.0,8.0,828691080000.0,67.19999999999999,75.82878918876047,75.82878918876047,75.83306244595553,67.19999999999999,75.76540488669951
16,Intermodal,1016,Diesel_Large,Hibbing,Allouez,82.0,0.0,164.0,0.0,828691080000.0,89.6,98.25489395178536,98.25489395178536,98.25624881694075,89.6,94.48680811811435
19,Manifest,1016,Diesel_Large,Allouez,Hibbing,59.0,29.0,0.0,0.0,828691080000.0,112.0,120.92232796198473,120.92232796198473,120.94904357277645,112.0,120.7644885309794
3,Intermodal,1017,BEL,Allouez,Hibbing,79.0,3.0,158.0,6.0,8208000000.0,22.4,31.02888479343917,31.90888709743917,32.78888940143917,22.4,30.96473472712647
8,Intermodal,1017,BEL,Hibbing,Allouez,82.0,0.0,164.0,0.0,2808004319.996545,44.8,53.454893951785394,55.405638261764544,57.356382571743694,44.8,49.68680811811437
11,Intermodal,1017,BEL,Allouez,Hibbing,78.0,4.0,156.0,8.0,8208000000.0,67.19999999999999,75.82878918876047,76.70879149276047,77.58879379676047,67.19999999999999,75.76540488669951
16,Intermodal,1017,BEL,Hibbing,Allouez,82.0,0.0,164.0,0.0,2808004319.996545,89.6,98.25489395178536,100.2056382617645,102.15638257174365,89.6,94.48680811811435
21,Manifest,1017,BEL,Allouez,Hibbing,60.0,28.0,0.0,0.0,8208000000.0,123.19999999999999,132.13795322678916,132.13795322678916,133.01795553078915,123.19999999999999,131.97900675679867
3,Intermodal,1018,Diesel_Large,Allouez,Hibbing,79.0,3.0,158.0,6.0,828691080000.0,22.4,31.02888479343917,31.03324666097531,31.03760852851145,22.4,30.96473472712647
8,Intermodal,1018,Diesel_Large,Hibbing,Allouez,82.0,0.0,164.0,0.0,828691080000.0,44.8,53.454893951785394,53.45624881694078,53.45760368209616,44.8,49.68680811811437
11,Intermodal,1018,Diesel_Large,Allouez,Hibbing,78.0,4.0,156.0,8.0,828691080000.0,67.19999999999999,75.82878918876047,75.83306244595553,75.8373357031506,67.19999999999999,75.76540488669951
16,Intermodal,1018,Diesel_Large,Hibbing,Allouez,82.0,0.0,164.0,0.0,828691080000.0,89.6,98.25489395178536,98.25624881694075,98.25760368209615,89.6,94.48680811811435
21,Manifest,1018,Diesel_Large,Allouez,Hibbing,60.0,28.0,0.0,0.0,828691080000.0,123.19999999999999,132.13795322678916,132.13795322678916,132.1649683214059,123.19999999999999,131.97900675679867
3,Intermodal,1019,BEL,Allouez,Hibbing,79.0,3.0,158.0,6.0,8208000000.0,22.4,31.02888479343917,31.90888709743917,32.78888940143917,22.4,30.96473472712647
8,Intermodal,1019,BEL,Hibbing,Allouez,82.0,0.0,164.0,0.0,2808004319.996545,44.8,53.454893951785394,55.405638261764544,57.356382571743694,44.8,49.68680811811437
11,Intermodal,1019,BEL,Allouez,Hibbing,78.0,4.0,156.0,8.0,8208000000.0,67.19999999999999,75.82878918876047,76.70879149276047,77.58879379676047,67.19999999999999,75.76540488669951
16,Intermodal,1019,BEL,Hibbing,Allouez,82.0,0.0,164.0,0.0,2808004319.996545,89.6,98.25489395178536,100.2056382617645,102.15638257174365,89.6,94.48680811811435
21,Manifest,1019,BEL,Allouez,Hibbing,60.0,28.0,0.0,0.0,8208000000.0,123.19999999999999,132.13795322678916,132.13795322678916,133.01795553078915,123.19999999999999,131.97900675679867
3,Intermodal,1020,Diesel_Large,Allouez,Hibbing,79.0,3.0,158.0,6.0,828691080000.0,22.4,31.02888479343917,31.03324666097531,31.03760852851145,22.4,30.96473472712647
8,Intermodal,1020,Diesel_Large,Hibbing,Allouez,82.0,0.0,164.0,0.0,828691080000.0,44.8,53.454893951785394,53.45624881694078,53.45760368209616,44.8,49.68680811811437
11,Intermodal,1020,Diesel_Large,Allouez,Hibbing,78.0,4.0,156.0,8.0,828691080000.0,67.19999999999999,75.82878918876047,75.83306244595553,75.8373357031506,67.19999999999999,75.76540488669951
16,Intermodal,1020,Diesel_Large,Hibbing,Allouez,82.0,0.0,164.0,0.0,828691080000.0,89.6,98.25489395178536,98.25624881694075,98.25760368209615,89.6,94.48680811811435
21,Manifest,1020,Diesel_Large,Allouez,Hibbing,60.0,28.0,0.0,0.0,828691080000.0,123.19999999999999,132.13795322678916,132.13795322678916,132.1649683214059,123.19999999999999,131.97900675679867
3,Intermodal,1021,BEL,Allouez,Hibbing,79.0,3.0,158.0,6.0,8208000000.0,22.4,31.02888479343917,32.78888940143917,33.66889170543917,22.4,30.96473472712647
8,Intermodal,1021,BEL,Hibbing,Allouez,82.0,0.0,164.0,0.0,2808004319.996545,44.8,53.454893951785394,57.356382571743694,59.307126881722844,44.8,49.68680811811437
11,Intermodal,1021,BEL,Allouez,Hibbing,78.0,4.0,156.0,8.0,8208000000.0,67.19999999999999,75.82878918876047,77.58879379676047,78.46879610076047,67.19999999999999,75.76540488669951
16,Intermodal,1021,BEL,Hibbing,Allouez,82.0,0.0,164.0,0.0,2808004319.996545,89.6,98.25489395178536,102.15638257174365,104.10712688172279,89.6,94.48680811811435
23,Manifest,1021,BEL,Allouez,Hibbing,60.0,29.0,0.0,0.0,8208000000.0,134.39999999999998,143.34385380962428,143.34385380962428,144.22385611362427,134.39999999999998,143.17792365612533
3,Intermodal,1022,Diesel_Large,Allouez,Hibbing,79.0,3.0,158.0,6.0,828691080000.0,22.4,31.02888479343917,31.03760852851145,31.04197039604759,22.4,30.96473472712647
8,Intermodal,1022,Diesel_Large,Hibbing,Allouez,82.0,0.0,164.0,0.0,828691080000.0,44.8,53.454893951785394,53.45760368209616,53.45895854725155,44.8,49.68680811811437
11,Intermodal,1022,Diesel_Large,Allouez,Hibbing,78.0,4.0,156.0,8.0,828691080000.0,67.19999999999999,75.82878918876047,75.8373357031506,75.84160896034567,67.19999999999999,75.76540488669951
16,Intermodal,1022,Diesel_Large,Hibbing,Allouez,82.0,0.0,164.0,0.0,828691080000.0,89.6,98.25489395178536,98.25760368209615,98.25895854725154,89.6,94.48680811811435
23,Manifest,1022,Diesel_Large,Allouez,Hibbing,60.0,29.0,0.0,0.0,828691080000.0,134.39999999999998,143.34385380962428,143.34385380962428,143.37096208193805,134.39999999999998,143.17792365612533
3,Intermodal,1023,BEL,Allouez,Hibbing,79.0,3.0,158.0,6.0,8208000000.0,22.4,31.02888479343917,32.78888940143917,33.66889170543917,22.4,30.96473472712647
8,Intermodal,1023,BEL,Hibbing,Allouez,82.0,0.0,164.0,0.0,2808004319.996545,44.8,53.454893951785394,57.356382571743694,59.307126881722844,44.8,49.68680811811437
11,Intermodal,1023,BEL,Allouez,Hibbing,78.0,4.0,156.0,8.0,8208000000.0,67.19999999999999,75.82878918876047,77.58879379676047,78.46879610076047,67.19999999999999,75.76540488669951
16,Intermodal,1023,BEL,Hibbing,Allouez,82.0,0.0,164.0,0.0,2808004319.996545,89.6,98.25489395178536,102.15638257174365,104.10712688172279,89.6,94.48680811811435
23,Manifest,1023,BEL,Allouez,Hibbing,60.0,29.0,0.0,0.0,8208000000.0,134.39999999999998,143.34385380962428,143.34385380962428,144.22385611362427,134.39999999999998,143.17792365612533
3,Intermodal,1024,Diesel_Large,Allouez,Hibbing,79.0,3.0,158.0,6.0,828691080000.0,22.4,31.02888479343917,31.03760852851145,31.04197039604759,22.4,30.96473472712647
8,Intermodal,1024,Diesel_Large,Hibbing,Allouez,82.0,0.0,164.0,0.0,828691080000.0,44.8,53.454893951785394,53.45760368209616,53.45895854725155,44.8,49.68680811811437
11,Intermodal,1024,Diesel_Large,Allouez,Hibbing,78.0,4.0,156.0,8.0,828691080000.0,67.19999999999999,75.82878918876047,75.8373357031506,75.84160896034567,67.19999999999999,75.76540488669951
16,Intermodal,1024,Diesel_Large,Hibbing,Allouez,82.0,0.0,164.0,0.0,828691080000.0,89.6,98.25489395178536,98.25760368209615,98.25895854725154,89.6,94.48680811811435
23,Manifest,1024,Diesel_Large,Allouez,Hibbing,60.0,29.0,0.0,0.0,828691080000.0,134.39999999999998,143.34385380962428,143.34385380962428,143.37096208193805,134.39999999999998,143.17792365612533
3,Intermodal,1025,BEL,Allouez,Hibbing,79.0,3.0,158.0,6.0,8208000000.0,22.4,31.02888479343917,33.66889170543917,34.548894009439174,22.4,30.96473472712647
8,Intermodal,1025,BEL,Hibbing,Allouez,82.0,0.0,164.0,0.0,2808004319.996545,44.8,53.454893951785394,59.307126881722844,61.257871191701994,44.8,49.68680811811437
11,Intermodal,1025,BEL,Allouez,Hibbing,78.0,4.0,156.0,8.0,8208000000.0,67.19999999999999,75.82878918876047,78.46879610076047,79.34879840476047,67.19999999999999,75.76540488669951
16,Intermodal,1025,BEL,Hibbing,Allouez,82.0,0.0,164.0,0.0,2808004319.996545,89.6,98.25489395178536,104.10712688172279,106.05787119170193,89.6,94.48680811811435
25,Manifest,1025,BEL,Allouez,Hibbing,60.0,28.0,0.0,0.0,8208000000.0,145.6,154.5379532267891,154.5379532267891,155.4179555307891,145.6,154.42436455304136
5,Intermodal,1026,Diesel_Large,Allouez,Hibbing,79.0,3.0,158.0,6.0,828691080000.0,33.599999999999994,42.22894215789261,42.22894215789261,42.23420044499417,33.599999999999994,42.16458788393748
10,Intermodal,1026,Diesel_Large,Hibbing,Allouez,83.0,0.0,166.0,0.0,828691080000.0,56.0,64.65570733620957,64.65570733620957,64.65706767144931,56.0,60.887420330218774
13,Intermodal,1026,Diesel_Large,Allouez,Hibbing,78.0,4.0,156.0,8.0,828691080000.0,78.39999999999999,87.02886109688954,87.02886109688954,87.03405164834537,78.39999999999998,86.96457746877677
18,Intermodal,1026,Diesel_Large,Hibbing,Allouez,82.0,0.0,164.0,0.0,828691080000.0,100.8,109.45489395178537,109.45489395178537,109.45624881694076,100.8,105.68680811811436
29,Manifest,1026,Diesel_Large,Allouez,Hibbing,60.0,28.0,0.0,0.0,828691080000.0,168.0,176.93795322678912,176.93795322678912,176.96496832140585,168.0,176.77930464688242
5,Intermodal,1027,BEL,Allouez,Hibbing,79.0,3.0,158.0,6.0,8208000000.0,33.599999999999994,42.22894215789261,42.22894215789261,43.10894446189261,33.599999999999994,42.16458788393748
10,Intermodal,1027,BEL,Hibbing,Allouez,83.0,0.0,166.0,0.0,2808004319.996545,56.0,64.65570733620957,64.65570733620957,66.6093778398452,56.0,60.887420330218774
13,Intermodal,1027,BEL,Allouez,Hibbing,78.0,4.0,156.0,8.0,8208000000.0,78.39999999999999,87.02886109688954,87.02886109688954,87.90886340088954,78.39999999999998,86.96457746877677
18,Intermodal,1027,BEL,Hibbing,Allouez,82.0,0.0,164.0,0.0,2808004319.996545,100.8,109.45489395178537,109.45489395178537,111.40563826176451,100.8,105.68680811811436
31,Manifest,1027,BEL,Allouez,Hibbing,60.0,28.0,0.0,0.0,8208000000.0,179.2,188.1379532267891,188.1379532267891,189.0179555307891,179.2,187.97455420075468
5,Intermodal,1028,Diesel_Large,Allouez,Hibbing,79.0,3.0,158.0,6.0,828691080000.0,33.599999999999994,42.22894215789261,42.22894215789261,42.23420044499417,33.599999999999994,42.16458788393748
10,Intermodal,1028,Diesel_Large,Hibbing,Allouez,83.0,0.0,166.0,0.0,828691080000.0,56.0,64.65570733620957,64.65570733620957,64.65706767144931,56.0,60.887420330218774
13,Intermodal,1028,Diesel_Large,Allouez,Hibbing,78.0,4.0,156.0,8.0,828691080000.0,78.39999999999999,87.02886109688954,87.02886109688954,87.03405164834537,78.39999999999998,86.96457746877677
18,Intermodal,1028,Diesel_Large,Hibbing,Allouez,82.0,0.0,164.0,0.0,828691080000.0,100.8,109.45489395178537,109.45489395178537,109.45624881694076,100.8,105.68680811811436
33,Manifest,1028,Diesel_Large,Allouez,Hibbing,59.0,29.0,0.0,0.0,828691080000.0,190.39999999999998,199.16842541855078,199.18955070136977,199.21067598418875,190.39999999999998,199.11211653243353
5,Intermodal,1029,BEL,Allouez,Hibbing,79.0,3.0,158.0,6.0,8208000000.0,33.599999999999994,42.22894215789261,42.22894215789261,43.10894446189261,33.599999999999994,42.16458788393748
10,Intermodal,1029,BEL,Hibbing,Allouez,83.0,0.0,166.0,0.0,2808004319.996545,56.0,64.65570733620957,64.65570733620957,66.6093778398452,56.0,60.887420330218774
13,Intermodal,1029,BEL,Allouez,Hibbing,78.0,4.0,156.0,8.0,8208000000.0,78.39999999999999,87.02886109688954,87.02886109688954,87.90886340088954,78.39999999999998,86.96457746877677
18,Intermodal,1029,BEL,Hibbing,Allouez,82.0,0.0,164.0,0.0,2808004319.996545,100.8,109.45489395178537,109.45489395178537,111.40563826176451,100.8,105.68680811811436
37,Manifest,1029,BEL,Allouez,Hibbing,60.0,29.0,0.0,0.0,8208000000.0,212.79999999999998,222.6835331551179,223.5635354591179,224.4435377631179,212.79999999999995,222.20388264864783
5,Intermodal,1030,Diesel_Large,Allouez,Hibbing,79.0,3.0,158.0,6.0,828691080000.0,33.599999999999994,42.22894215789261,42.23420044499417,42.239458732095734,33.599999999999994,42.16458788393748
10,Intermodal,1030,Diesel_Large,Hibbing,Allouez,83.0,0.0,166.0,0.0,828691080000.0,56.0,64.65570733620957,64.65706767144931,64.65842800668905,56.0,60.887420330218774
13,Intermodal,1030,Diesel_Large,Allouez,Hibbing,78.0,4.0,156.0,8.0,828691080000.0,78.39999999999999,87.02886109688954,87.03405164834537,87.0392421998012,78.39999999999998,86.96457746877677
18,Intermodal,1030,Diesel_Large,Hibbing,Allouez,82.0,0.0,164.0,0.0,828691080000.0,100.8,109.45489395178537,109.45624881694076,109.45760368209615,100.8,105.68680811811436
39,Manifest,1030,Diesel_Large,Allouez,Hibbing,59.0,29.0,0.0,0.0,828691080000.0,224.0,232.7684254185508,232.7895507013698,232.81067598418878,224.0,232.66428656525295
5,Intermodal,1031,BEL,Allouez,Hibbing,79.0,3.0,158.0,6.0,8208000000.0,33.599999999999994,42.22894215789261,43.10894446189261,43.988946765892614,33.599999999999994,42.16458788393748
10,Intermodal,1031,BEL,Hibbing,Allouez,83.0,0.0,166.0,0.0,2808004319.996545,56.0,64.65570733620957,66.6093778398452,68.56304834348082,56.0,60.887420330218774
13,Intermodal,1031,BEL,Allouez,Hibbing,78.0,4.0,156.0,8.0,8208000000.0,78.39999999999999,87.02886109688954,87.90886340088954,88.78886570488955,78.39999999999998,86.96457746877677
18,Intermodal,1031,BEL,Hibbing,Allouez,82.0,0.0,164.0,0.0,2808004319.996545,100.8,109.45489395178537,111.40563826176451,113.35638257174365,100.8,105.68680811811436
41,Manifest,1031,BEL,Allouez,Hibbing,60.0,29.0,0.0,0.0,8208000000.0,235.2,244.1438538096243,244.1438538096243,245.02385611362428,235.2,244.027734008412
5,Intermodal,1032,Diesel_Large,Allouez,Hibbing,79.0,3.0,158.0,6.0,828691080000.0,33.599999999999994,42.22894215789261,42.23420044499417,42.239458732095734,33.599999999999994,42.16458788393748
10,Intermodal,1032,Diesel_Large,Hibbing,Allouez,83.0,0.0,166.0,0.0,828691080000.0,56.0,64.65570733620957,64.65706767144931,64.65842800668905,56.0,60.887420330218774
13,Intermodal,1032,Diesel_Large,Allouez,Hibbing,78.0,4.0,156.0,8.0,828691080000.0,78.39999999999999,87.02886109688954,87.03405164834537,87.0392421998012,78.39999999999998,86.96457746877677
18,Intermodal,1032,Diesel_Large,Hibbing,Allouez,82.0,0.0,164.0,0.0,828691080000.0,100.8,109.45489395178537,109.45624881694076,109.45760368209615,100.8,105.68680811811436
45,Manifest,1032,Diesel_Large,Allouez,Hibbing,60.0,28.0,0.0,0.0,828691080000.0,257.59999999999997,266.5379532267891,266.5379532267891,266.56496832140584,257.59999999999997,266.3793046468824
5,Intermodal,1033,BEL,Allouez,Hibbing,79.0,3.0,158.0,6.0,8208000000.0,33.599999999999994,42.22894215789261,43.10894446189261,43.988946765892614,33.599999999999994,42.16458788393748
10,Intermodal,1033,BEL,Hibbing,Allouez,83.0,0.0,166.0,0.0,2808004319.996545,56.0,64.65570733620957,66.6093778398452,68.56304834348082,56.0,60.887420330218774
13,Intermodal,1033,BEL,Allouez,Hibbing,78.0,4.0,156.0,8.0,8208000000.0,78.39999999999999,87.02886109688954,87.90886340088954,88.78886570488955,78.39999999999998,86.96457746877677
18,Intermodal,1033,BEL,Hibbing,Allouez,82.0,0.0,164.0,0.0,2808004319.996545,100.8,109.45489395178537,111.40563826176451,113.35638257174365,100.8,105.68680811811436
47,Manifest,1033,BEL,Allouez,Hibbing,60.0,29.0,0.0,0.0,8208000000.0,268.79999999999995,277.7438538096242,277.7438538096242,278.62385611362424,268.79999999999995,277.5779236561253
5,Intermodal,1034,Diesel_Large,Allouez,Hibbing,79.0,3.0,158.0,6.0,828691080000.0,33.599999999999994,42.22894215789261,42.239458732095734,42.244717019197296,33.599999999999994,42.16458788393748
10,Intermodal,1034,Diesel_Large,Hibbing,Allouez,83.0,0.0,166.0,0.0,828691080000.0,56.0,64.65570733620957,64.65842800668905,64.65978834192879,56.0,60.887420330218774
13,Intermodal,1034,Diesel_Large,Allouez,Hibbing,78.0,4.0,156.0,8.0,828691080000.0,78.39999999999999,87.02886109688954,87.0392421998012,87.04443275125702,78.39999999999998,86.96457746877677
18,Intermodal,1034,Diesel_Large,Hibbing,Allouez,82.0,0.0,164.0,0.0,828691080000.0,100.8,109.45489395178537,109.45760368209615,109.45895854725154,100.8,105.68680811811436
49,Manifest,1034,Diesel_Large,Allouez,Hibbing,60.0,29.0,0.0,0.0,828691080000.0,280.0,288.779958863868,288.80135892333,288.822758982792,280.0,288.7210511053792
5,Intermodal,1035,BEL,Allouez,Hibbing,79.0,3.0,158.0,6.0,8208000000.0,33.599999999999994,42.22894215789261,43.988946765892614,44.868949069892615,33.599999999999994,42.16458788393748
10,Intermodal,1035,BEL,Hibbing,Allouez,83.0,0.0,166.0,0.0,2808004319.996545,56.0,64.65570733620957,68.56304834348082,70.51671884711644,56.0,60.887420330218774
13,Intermodal,1035,BEL,Allouez,Hibbing,78.0,4.0,156.0,8.0,8208000000.0,78.39999999999999,87.02886109688954,88.78886570488955,89.66886800888955,78.39999999999998,86.96457746877677
18,Intermodal,1035,BEL,Hibbing,Allouez,82.0,0.0,164.0,0.0,2808004319.996545,100.8,109.45489395178537,113.35638257174365,115.3071268817228,100.8,105.68680811811436
53,Manifest,1035,BEL,Allouez,Hibbing,60.0,29.0,0.0,0.0,8208000000.0,302.4,312.28353315511805,313.16353545911807,314.0435377631181,302.4,311.80388264864797
5,Intermodal,1036,Diesel_Large,Allouez,Hibbing,79.0,3.0,158.0,6.0,828691080000.0,33.599999999999994,42.22894215789261,42.239458732095734,42.244717019197296,33.599999999999994,42.16458788393748
10,Intermodal,1036,Diesel_Large,Hibbing,Allouez,83.0,0.0,166.0,0.0,828691080000.0,56.0,64.65570733620957,64.65842800668905,64.65978834192879,56.0,60.887420330218774
13,Intermodal,1036,Diesel_Large,Allouez,Hibbing,78.0,4.0,156.0,8.0,828691080000.0,78.39999999999999,87.02886109688954,87.0392421998012,87.04443275125702,78.39999999999998,86.96457746877677
18,Intermodal,1036,Diesel_Large,Hibbing,Allouez,82.0,0.0,164.0,0.0,828691080000.0,100.8,109.45489395178537,109.45760368209615,109.45895854725154,100.8,105.68680811811436
55,Unit,1036,Diesel_Large,Allouez,Hibbing,43.0,45.0,0.0,0.0,828691080000.0,313.59999999999997,322.2552607678282,322.27086661577454,322.2864724637209,313.5999999999999,320.42474382858154
5,Intermodal,1037,BEL,Allouez,Hibbing,79.0,3.0,158.0,6.0,8208000000.0,33.599999999999994,42.22894215789261,43.988946765892614,44.868949069892615,33.599999999999994,42.16458788393748
10,Intermodal,1037,BEL,Hibbing,Allouez,83.0,0.0,166.0,0.0,2808004319.996545,56.0,64.65570733620957,68.56304834348082,70.51671884711644,56.0,60.887420330218774
13,Intermodal,1037,BEL,Allouez,Hibbing,78.0,4.0,156.0,8.0,8208000000.0,78.39999999999999,87.02886109688954,88.78886570488955,89.66886800888955,78.39999999999998,86.96457746877677
18,Intermodal,1037,BEL,Hibbing,Allouez,82.0,0.0,164.0,0.0,2808004319.996545,100.8,109.45489395178537,113.35638257174365,115.3071268817228,100.8,105.68680811811436
57,Unit,1037,BEL,Allouez,Hibbing,43.0,45.0,0.0,0.0,8208000000.0,324.79999999999995,333.4783924016658,333.4783924016658,334.35839470566583,324.79999999999995,331.63241931529785
5,Intermodal,1038,Diesel_Large,Allouez,Hibbing,79.0,3.0,158.0,6.0,828691080000.0,33.599999999999994,42.22894215789261,42.244717019197296,42.24997530629886,33.599999999999994,42.16458788393748
10,Intermodal,1038,Diesel_Large,Hibbing,Allouez,83.0,0.0,166.0,0.0,828691080000.0,56.0,64.65570733620957,64.65978834192879,64.66114867716853,56.0,60.887420330218774
13,Intermodal,1038,Diesel_Large,Allouez,Hibbing,78.0,4.0,156.0,8.0,828691080000.0,78.39999999999999,87.02886109688954,87.04443275125702,87.04962330271285,78.39999999999998,86.96457746877677
18,Intermodal,1038,Diesel_Large,Hibbing,Allouez,82.0,0.0,164.0,0.0,828691080000.0,100.8,109.45489395178537,109.45895854725154,109.46031341240693,100.8,105.68680811811436
7,Intermodal,1039,BEL,Allouez,Hibbing,79.0,4.0,158.0,8.0,8208000000.0,44.8,53.429868967962804,53.429868967962804,54.309871271962805,44.8,53.36492401451058
12,Intermodal,1039,BEL,Hibbing,Allouez,83.0,0.0,166.0,0.0,2808004319.996545,67.19999999999999,75.85570733620956,75.85570733620956,77.80937783984518,67.19999999999999,72.08742033021876
15,Intermodal,1039,BEL,Allouez,Hibbing,78.0,4.0,156.0,8.0,8208000000.0,89.6,98.22878918876049,98.22878918876049,99.10879149276049,89.6,98.16471385264431
20,Manifest,1039,BEL,Hibbing,Allouez,48.0,41.0,0.0,0.0,2808004319.996545,112.0,120.68516684691451,120.68516684691451,123.56516915091451,112.0,116.90989456686167
7,Intermodal,1040,Diesel_Large,Allouez,Hibbing,79.0,4.0,158.0,8.0,828691080000.0,44.8,53.429868967962804,53.429868967962804,53.43430711560914,44.8,53.36492401451058
12,Intermodal,1040,Diesel_Large,Hibbing,Allouez,83.0,0.0,166.0,0.0,828691080000.0,67.19999999999999,75.85570733620956,75.85570733620956,75.8570676714493,67.19999999999999,72.08742033021876
15,Intermodal,1040,Diesel_Large,Allouez,Hibbing,78.0,4.0,156.0,8.0,828691080000.0,89.6,98.22878918876049,98.22878918876049,98.23306244595555,89.6,98.16471385264431
20,Manifest,1040,Diesel_Large,Hibbing,Allouez,48.0,41.0,0.0,0.0,828691080000.0,112.0,120.68516684691451,120.68516684691451,120.69080212795399,112.0,116.90989456686167
7,Intermodal,1041,BEL,Allouez,Hibbing,79.0,4.0,158.0,8.0,8208000000.0,44.8,53.429868967962804,53.429868967962804,54.309871271962805,44.8,53.36492401451058
12,Intermodal,1041,BEL,Hibbing,Allouez,83.0,0.0,166.0,0.0,2808004319.996545,67.19999999999999,75.85570733620956,75.85570733620956,77.80937783984518,67.19999999999999,72.08742033021876
15,Intermodal,1041,BEL,Allouez,Hibbing,78.0,4.0,156.0,8.0,8208000000.0,89.6,98.22878918876049,98.22878918876049,99.10879149276049,89.6,98.16471385264431
20,Manifest,1041,BEL,Hibbing,Allouez,48.0,41.0,0.0,0.0,2808004319.996545,112.0,120.68516684691451,120.68516684691451,123.56516915091451,112.0,116.90989456686167
7,Intermodal,1042,Diesel_Large,Allouez,Hibbing,79.0,4.0,158.0,8.0,828691080000.0,44.8,53.429868967962804,53.429868967962804,53.43430711560914,44.8,53.36492401451058
12,Intermodal,1042,Diesel_Large,Hibbing,Allouez,83.0,0.0,166.0,0.0,828691080000.0,67.19999999999999,75.85570733620956,75.85570733620956,75.8570676714493,67.19999999999999,72.08742033021876
15,Intermodal,1042,Diesel_Large,Allouez,Hibbing,78.0,4.0,156.0,8.0,828691080000.0,89.6,98.22878918876049,98.22878918876049,98.23306244595555,89.6,98.16471385264431
20,Manifest,1042,Diesel_Large,Hibbing,Allouez,48.0,41.0,0.0,0.0,828691080000.0,112.0,120.68516684691451,120.68516684691451,120.69080212795399,112.0,116.90989456686167
7,Intermodal,1043,BEL,Allouez,Hibbing,79.0,4.0,158.0,8.0,8208000000.0,44.8,53.429868967962804,54.309871271962805,55.18987357596281,44.8,53.36492401451058
12,Intermodal,1043,BEL,Hibbing,Allouez,83.0,0.0,166.0,0.0,2808004319.996545,67.19999999999999,75.85570733620956,77.80937783984518,79.7630483434808,67.19999999999999,72.08742033021876
15,Intermodal,1043,BEL,Allouez,Hibbing,78.0,4.0,156.0,8.0,8208000000.0,89.6,98.22878918876049,99.10879149276049,99.98879379676049,89.6,98.16471385264431
7,Intermodal,1044,Diesel_Large,Allouez,Hibbing,79.0,4.0,158.0,8.0,828691080000.0,44.8,53.429868967962804,53.43430711560914,53.43874526325547,44.8,53.36492401451058
12,Intermodal,1044,Diesel_Large,Hibbing,Allouez,83.0,0.0,166.0,0.0,828691080000.0,67.19999999999999,75.85570733620956,75.8570676714493,75.85842800668904,67.19999999999999,72.08742033021876
15,Intermodal,1044,Diesel_Large,Allouez,Hibbing,78.0,4.0,156.0,8.0,828691080000.0,89.6,98.22878918876049,98.23306244595555,98.23733570315062,89.6,98.16471385264431
7,Intermodal,1045,BEL,Allouez,Hibbing,79.0,4.0,158.0,8.0,8208000000.0,44.8,53.429868967962804,54.309871271962805,55.18987357596281,44.8,53.36492401451058
12,Intermodal,1045,BEL,Hibbing,Allouez,83.0,0.0,166.0,0.0,2808004319.996545,67.19999999999999,75.85570733620956,77.80937783984518,79.7630483434808,67.19999999999999,72.08742033021876
15,Intermodal,1045,BEL,Allouez,Hibbing,78.0,4.0,156.0,8.0,8208000000.0,89.6,98.22878918876049,99.10879149276049,99.98879379676049,89.6,98.16471385264431
7,Intermodal,1046,Diesel_Large,Allouez,Hibbing,79.0,4.0,158.0,8.0,828691080000.0,44.8,53.429868967962804,53.43430711560914,53.43874526325547,44.8,53.36492401451058
12,Intermodal,1046,Diesel_Large,Hibbing,Allouez,83.0,0.0,166.0,0.0,828691080000.0,67.19999999999999,75.85570733620956,75.8570676714493,75.85842800668904,67.19999999999999,72.08742033021876
15,Intermodal,1046,Diesel_Large,Allouez,Hibbing,78.0,4.0,156.0,8.0,828691080000.0,89.6,98.22878918876049,98.23306244595555,98.23733570315062,89.6,98.16471385264431
7,Intermodal,1047,BEL,Allouez,Hibbing,79.0,4.0,158.0,8.0,8208000000.0,44.8,53.429868967962804,55.18987357596281,56.06987587996281,44.8,53.36492401451058
12,Intermodal,1047,BEL,Hibbing,Allouez,83.0,0.0,166.0,0.0,2808004319.996545,67.19999999999999,75.85570733620956,79.7630483434808,81.71671884711643,67.19999999999999,72.08742033021876
15,Intermodal,1047,BEL,Allouez,Hibbing,78.0,4.0,156.0,8.0,8208000000.0,89.6,98.22878918876049,99.98879379676049,100.86879610076049,89.6,98.16471385264431
7,Intermodal,1048,Diesel_Large,Allouez,Hibbing,79.0,4.0,158.0,8.0,828691080000.0,44.8,53.429868967962804,53.43874526325547,53.4431834109018,44.8,53.36492401451058
12,Intermodal,1048,Diesel_Large,Hibbing,Allouez,83.0,0.0,166.0,0.0,828691080000.0,67.19999999999999,75.85570733620956,75.85842800668904,75.85978834192878,67.19999999999999,72.08742033021876
15,Intermodal,1048,Diesel_Large,Allouez,Hibbing,78.0,4.0,156.0,8.0,828691080000.0,89.6,98.22878918876049,98.23733570315062,98.24160896034569,89.6,98.16471385264431
7,Intermodal,1049,BEL,Allouez,Hibbing,79.0,4.0,158.0,8.0,8208000000.0,44.8,53.429868967962804,55.18987357596281,56.06987587996281,44.8,53.36492401451058
12,Intermodal,1049,BEL,Hibbing,Allouez,83.0,0.0,166.0,0.0,2808004319.996545,67.19999999999999,75.85570733620956,79.7630483434808,81.71671884711643,67.19999999999999,72.08742033021876
15,Intermodal,1049,BEL,Allouez,Hibbing,78.0,4.0,156.0,8.0,8208000000.0,89.6,98.22878918876049,99.98879379676049,100.86879610076049,89.6,98.16471385264431
7,Intermodal,1050,Diesel_Large,Allouez,Hibbing,79.0,4.0,158.0,8.0,828691080000.0,44.8,53.429868967962804,53.43874526325547,53.4431834109018,44.8,53.36492401451058
12,Intermodal,1050,Diesel_Large,Hibbing,Allouez,83.0,0.0,166.0,0.0,828691080000.0,67.19999999999999,75.85570733620956,75.85842800668904,75.85978834192878,67.19999999999999,72.08742033021876
15,Intermodal,1050,Diesel_Large,Allouez,Hibbing,78.0,4.0,156.0,8.0,828691080000.0,89.6,98.22878918876049,98.23733570315062,98.24160896034569,89.6,98.16471385264431
7,Intermodal,1051,BEL,Allouez,Hibbing,79.0,4.0,158.0,8.0,8208000000.0,44.8,53.429868967962804,56.06987587996281,56.94987818396281,44.8,53.36492401451058
12,Intermodal,1051,BEL,Hibbing,Allouez,83.0,0.0,166.0,0.0,2808004319.996545,67.19999999999999,75.85570733620956,81.71671884711643,83.67038935075205,67.19999999999999,72.08742033021876
15,Intermodal,1051,BEL,Allouez,Hibbing,78.0,4.0,156.0,8.0,8208000000.0,89.6,98.22878918876049,100.86879610076049,101.74879840476049,89.6,98.16471385264431
2,Intermodal,2000,BEL,Hibbing,Allouez,82.0,0.0,164.0,0.0,2808004319.996545,11.2,19.854893951785385,19.854893951785385,21.805638261764535,11.2,16.086808118114366
2,Intermodal,2001,Diesel_Large,Hibbing,Allouez,82.0,0.0,164.0,0.0,828691080000.0,11.2,19.854893951785385,19.854893951785385,19.85624881694077,11.2,16.086808118114366
2,Intermodal,2002,BEL,Hibbing,Allouez,82.0,0.0,164.0,0.0,2808004319.996545,11.2,19.854893951785385,19.854893951785385,21.805638261764535,11.2,16.086808118114366
2,Intermodal,2003,Diesel_Large,Hibbing,Allouez,82.0,0.0,164.0,0.0,828691080000.0,11.2,19.854893951785385,19.854893951785385,19.85624881694077,11.2,16.086808118114366
2,Intermodal,2004,BEL,Hibbing,Allouez,82.0,0.0,164.0,0.0,2808004319.996545,11.2,19.854893951785385,21.805638261764535,23.756382571743686,11.2,16.086808118114366
2,Intermodal,2005,Diesel_Large,Hibbing,Allouez,82.0,0.0,164.0,0.0,828691080000.0,11.2,19.854893951785385,19.85624881694077,19.857603682096155,11.2,16.086808118114366
2,Intermodal,2006,BEL,Hibbing,Allouez,82.0,0.0,164.0,0.0,2808004319.996545,11.2,19.854893951785385,21.805638261764535,23.756382571743686,11.2,16.086808118114366
2,Intermodal,2007,Diesel_Large,Hibbing,Allouez,82.0,0.0,164.0,0.0,828691080000.0,11.2,19.854893951785385,19.85624881694077,19.857603682096155,11.2,16.086808118114366
2,Intermodal,2008,BEL,Hibbing,Allouez,82.0,0.0,164.0,0.0,2808004319.996545,11.2,19.854893951785385,23.756382571743686,25.707126881722836,11.2,16.086808118114366
2,Intermodal,2009,Diesel_Large,Hibbing,Allouez,82.0,0.0,164.0,0.0,828691080000.0,11.2,19.854893951785385,19.857603682096155,19.85895854725154,11.2,16.086808118114366
2,Intermodal,2010,BEL,Hibbing,Allouez,82.0,0.0,164.0,0.0,2808004319.996545,11.2,19.854893951785385,23.756382571743686,25.707126881722836,11.2,16.086808118114366
2,Intermodal,2011,Diesel_Large,Hibbing,Allouez,82.0,0.0,164.0,0.0,828691080000.0,11.2,19.854893951785385,19.857603682096155,19.85895854725154,11.2,16.086808118114366
2,Intermodal,2012,BEL,Hibbing,Allouez,82.0,0.0,164.0,0.0,2808004319.996545,11.2,19.854893951785385,25.707126881722836,27.657871191701986,11.2,16.086808118114366
2,Intermodal,2013,Diesel_Large,Hibbing,Allouez,82.0,0.0,164.0,0.0,828691080000.0,11.2,19.854893951785385,19.85895854725154,19.860313412406924,11.2,16.086808118114366
4,Intermodal,2014,BEL,Hibbing,Allouez,82.0,0.0,164.0,0.0,2808004319.996545,22.4,31.05489395178538,31.05489395178538,33.00563826176453,22.4,27.286808118114365
4,Intermodal,2015,Diesel_Large,Hibbing,Allouez,82.0,0.0,164.0,0.0,828691080000.0,22.4,31.05489395178538,31.05489395178538,31.056248816940766,22.4,27.286808118114365
4,Intermodal,2016,BEL,Hibbing,Allouez,82.0,0.0,164.0,0.0,2808004319.996545,22.4,31.05489395178538,31.05489395178538,33.00563826176453,22.4,27.286808118114365
4,Intermodal,2017,Diesel_Large,Hibbing,Allouez,82.0,0.0,164.0,0.0,828691080000.0,22.4,31.05489395178538,31.05489395178538,31.056248816940766,22.4,27.286808118114365
4,Intermodal,2018,BEL,Hibbing,Allouez,82.0,0.0,164.0,0.0,2808004319.996545,22.4,31.05489395178538,33.00563826176453,34.95638257174368,22.4,27.286808118114365
4,Intermodal,2019,Diesel_Large,Hibbing,Allouez,82.0,0.0,164.0,0.0,828691080000.0,22.4,31.05489395178538,31.056248816940766,31.05760368209615,22.4,27.286808118114365
4,Intermodal,2020,BEL,Hibbing,Allouez,82.0,0.0,164.0,0.0,2808004319.996545,22.4,31.05489395178538,33.00563826176453,34.95638257174368,22.4,27.286808118114365
4,Intermodal,2021,Diesel_Large,Hibbing,Allouez,82.0,0.0,164.0,0.0,828691080000.0,22.4,31.05489395178538,31.056248816940766,31.05760368209615,22.4,27.286808118114365
4,Intermodal,2022,BEL,Hibbing,Allouez,82.0,0.0,164.0,0.0,2808004319.996545,22.4,31.05489395178538,34.95638257174368,36.90712688172283,22.4,27.286808118114365
4,Intermodal,2023,Diesel_Large,Hibbing,Allouez,82.0,0.0,164.0,0.0,828691080000.0,22.4,31.05489395178538,31.05760368209615,31.058958547251535,22.4,27.286808118114365
4,Intermodal,2024,BEL,Hibbing,Allouez,82.0,0.0,164.0,0.0,2808004319.996545,22.4,31.05489395178538,34.95638257174368,36.90712688172283,22.4,27.286808118114365
4,Intermodal,2025,Diesel_Large,Hibbing,Allouez,82.0,0.0,164.0,0.0,828691080000.0,22.4,31.05489395178538,31.05760368209615,31.058958547251535,22.4,27.286808118114365
4,Intermodal,2026,BEL,Hibbing,Allouez,82.0,0.0,164.0,0.0,2808004319.996545,22.4,31.05489395178538,36.90712688172283,38.85787119170198,22.4,27.286808118114365
4,Intermodal,2027,Diesel_Large,Hibbing,Allouez,82.0,0.0,164.0,0.0,828691080000.0,22.4,31.05489395178538,31.058958547251535,31.06031341240692,22.4,27.286808118114365
6,Intermodal,2028,BEL,Hibbing,Allouez,82.0,0.0,164.0,0.0,2808004319.996545,33.599999999999994,42.25489395178539,48.10712688172284,50.05787119170199,33.599999999999994,38.48680811811437
8,Intermodal,2029,Diesel_Large,Hibbing,Allouez,82.0,0.0,164.0,0.0,828691080000.0,44.8,53.454893951785394,53.45895854725155,53.46031341240693,44.8,49.68680811811437
10,Intermodal,2030,BEL,Hibbing,Allouez,83.0,0.0,166.0,0.0,2808004319.996545,56.0,64.65570733620957,70.51671884711644,72.47038935075206,56.0,60.887420330218774
12,Intermodal,2031,Diesel_Large,Hibbing,Allouez,83.0,0.0,166.0,0.0,828691080000.0,67.19999999999999,75.85570733620956,75.85978834192878,75.86114867716852,67.19999999999999,72.08742033021876
14,Intermodal,2032,BEL,Hibbing,Allouez,82.0,0.0,164.0,0.0,2808004319.996545,78.39999999999999,87.05489395178536,92.90712688172279,94.85787119170193,78.39999999999998,83.28680811811434
16,Intermodal,2033,Diesel_Large,Hibbing,Allouez,82.0,0.0,164.0,0.0,828691080000.0,89.6,98.25489395178536,98.25895854725154,98.26031341240693,89.6,94.48680811811435
18,Intermodal,2034,BEL,Hibbing,Allouez,82.0,0.0,164.0,0.0,2808004319.996545,100.8,109.45489395178537,115.3071268817228,117.25787119170194,100.8,105.68680811811436
